Pcode,ResponseTime,ScheduledTime,Valence,Arousal,Attention,Stress,Duration,Disturbance,Change
P01,1557278986000,1557278760000,-3,3,3,3,5,-1,-3
P01,1557281772000,1557281580000,-3,-2,2,2,15,3,-2
P01,1557298702000,1557298560000,3,3,3,-3,20,2,0
P01,1557301311000,1557301260000,3,3,3,-3,30,1,2
P01,1557371378000,1557371340000,-3,2,2,2,5,2,0
P01,1557379466000,1557379380000,2,3,3,-3,5,0,2
P01,1557382455000,1557382440000,3,3,3,-3,10,-1,3
P01,1557387683000,1557387660000,-3,-1,1,3,5,2,-1
P01,1557450617000,1557450600000,3,1,1,-1,15,-1,1
P01,1557457216000,1557457200000,3,0,0,-1,10,1,0
P01,1557468672000,1557468660000,3,2,0,-1,5,3,-2
P01,1557487678000,1557487620000,0,3,0,0,10,-2,1
P01,1557490161000,1557490140000,3,2,3,-3,30,-3,3
P01,1557546813000,1557546780000,3,0,1,0,20,3,3
P01,1557560713000,1557560460000,3,3,3,1,30,-2,2
P01,1557562994000,1557562980000,3,0,-2,2,15,2,0
P01,1557571376000,1557571260000,3,3,-1,-2,5,-1,1
P01,1557636386000,1557636120000,3,0,0,0,15,-1,1
P01,1557638867000,1557638580000,3,-1,2,-2,5,1,1
P01,1557641469000,1557641400000,2,1,2,1,15,0,0
P01,1557649528000,1557649500000,-1,2,-1,0,5,-1,-1
P01,1557652474000,1557652440000,3,3,2,-3,10,-2,1
P01,1557719303000,1557719160000,3,3,3,-3,15,1,0
P01,1557722480000,1557722280000,3,3,3,1,10,1,2
P01,1557725316000,1557725040000,3,3,-1,-1,20,0,0
P01,1557752173000,1557752160000,3,2,3,-1,15,0,0
P01,1557827829000,1557827640000,3,3,-1,-1,20,-2,0
P01,1557830465000,1557830220000,3,0,1,-1,20,0,0
P01,1557835951000,1557835680000,3,3,1,-1,30,1,1
P02,1557280349000,1557280320000,-1,-1,-1,-2,60,2,-1
P02,1557283094000,1557283080000,0,0,-1,1,30,2,-2
P02,1557286949000,1557286860000,-3,-3,0,3,20,-3,0
P02,1557298705000,1557298560000,-1,0,0,0,20,0,0
P02,1557317719000,1557317640000,-1,-1,0,0,15,-1,-1
P02,1557320305000,1557320220000,-1,1,-1,0,20,-3,1
P02,1557376963000,1557376920000,1,1,0,-1,30,-2,1
P02,1557379646000,1557379620000,1,-1,0,-1,60,1,0
P02,1557382109000,1557382080000,1,-2,0,-1,20,2,0
P02,1557398741000,1557398640000,-1,0,0,0,15,-1,0
P02,1557401210000,1557401100000,-1,0,0,1,20,3,0
P02,1557460647000,1557460380000,-1,-1,1,-1,60,0,0
P02,1557466344000,1557466080000,0,0,0,0,30,0,0
P02,1557484709000,1557484620000,0,-1,-1,-1,20,0,0
P02,1557487573000,1557487560000,3,0,0,0,30,-1,0
P02,1557563304000,1557563280000,0,0,-1,-1,20,0,0
P02,1557571120000,1557571020000,1,0,0,0,20,0,0
P02,1557646894000,1557646800000,-2,-3,2,3,60,0,0
P02,1557649272000,1557649260000,-3,-3,1,3,#N/A,0,0
P02,1557655154000,1557655140000,-2,-2,3,0,60,0,0
P02,1557665788000,1557665760000,1,1,0,0,20,0,0
P02,1557730334000,1557730320000,-2,-2,0,0,20,-1,0
P02,1557733289000,1557733020000,0,0,1,0,60,0,0
P02,1557735777000,1557735660000,-1,0,0,0,20,0,0
P02,1557738495000,1557738480000,-2,0,0,0,15,0,0
P02,1557805570000,1557805560000,-2,-1,0,0,20,-1,0
P02,1557810984000,1557810960000,-2,-1,0,0,30,0,0
P02,1557816393000,1557816360000,-1,-1,0,0,15,1,0
P03,1557281593000,1557281460000,3,-2,-1,-3,60,-2,2
P03,1557287674000,1557287640000,2,2,2,-3,60,1,0
P03,1557290439000,1557290400000,2,-1,2,-3,60,-2,0
P03,1557461022000,1557460740000,3,3,-2,-3,60,-1,2
P03,1557468803000,1557468720000,2,-3,3,-2,60,-2,2
P03,1557471242000,1557471180000,2,-2,-2,-2,60,1,1
P03,1557543984000,1557543960000,0,0,-1,1,5,0,0
P03,1557546807000,1557546780000,2,-3,-2,-2,30,0,0
P03,1557549516000,1557549480000,2,2,-1,0,30,0,1
P03,1557633138000,1557633120000,1,0,1,0,30,0,0
P03,1557638304000,1557638280000,1,0,-1,-1,60,0,0
P03,1557709764000,1557709740000,-1,-1,-2,2,60,1,-1
P03,1557719901000,1557719880000,-3,-2,-2,3,30,0,0
P03,1557722484000,1557722460000,-3,-3,-3,3,60,0,0
P03,1557813862000,1557813840000,0,-1,-1,1,30,1,0
P03,1557816637000,1557816600000,-1,-2,-2,2,60,0,-1
P03,1557819027000,1557819000000,0,-1,-1,2,60,0,0
P04,1557285034000,1557285000000,-1,-2,1,1,30,3,-1
P04,1557287652000,1557287580000,0,1,2,0,30,3,0
P04,1557295753000,1557295680000,0,-3,0,-1,20,-1,1
P04,1557309266000,1557309180000,1,2,2,-1,20,-3,0
P04,1557316837000,1557316680000,0,0,0,0,20,1,0
P04,1557379585000,1557379500000,-1,1,2,1,15,3,0
P04,1557450245000,1557450000000,0,-1,1,-1,30,3,0
P04,1557455921000,1557455880000,-2,0,0,0,30,2,0
P04,1557462847000,1557462600000,0,-1,1,0,#N/A,3,0
P04,1557474284000,1557474240000,0,-1,-2,0,10,0,0
P04,1557476945000,1557476820000,-2,1,1,2,10,3,-1
P04,1557479601000,1557479580000,0,-2,-1,-1,10,0,0
P04,1557644310000,1557644280000,0,-1,-1,0,20,1,0
P04,1557647065000,1557647040000,2,0,1,-1,20,2,0
P04,1557649753000,1557649620000,1,-1,0,-1,30,2,0
P04,1557713394000,1557713220000,0,0,0,0,15,0,0
P04,1557716398000,1557716160000,-1,-1,-1,1,20,0,0
P04,1557728080000,1557727860000,1,-1,1,0,15,2,0
P04,1557730568000,1557730380000,-2,-1,1,1,5,2,0
P04,1557733216000,1557733080000,0,-1,-1,0,15,0,0
P04,1557738545000,1557738480000,0,-1,1,1,15,1,0
P04,1557796736000,1557796440000,0,-1,-1,-1,10,0,0
P04,1557799220000,1557799020000,0,2,0,-1,15,1,0
P04,1557805092000,1557804900000,-1,1,0,0,5,2,0
P05,1557279649000,1557279600000,0,-2,1,-1,30,1,0
P05,1557282197000,1557282000000,-2,-3,0,2,30,3,-2
P05,1557290006000,1557289980000,2,1,3,1,60,3,0
P05,1557300438000,1557300420000,-2,-3,3,3,30,3,-2
P05,1557365719000,1557365700000,0,-3,0,0,10,1,0
P05,1557368245000,1557368220000,1,-3,0,0,30,0,0
P05,1557384805000,1557384780000,-3,-3,-3,3,60,3,-3
P05,1557403877000,1557403860000,3,0,3,-1,10,2,-1
P05,1557450353000,1557450300000,0,-3,-2,-2,60,1,0
P05,1557454097000,1557454080000,1,-3,3,-1,60,1,0
P05,1557466230000,1557465960000,-1,-1,-1,1,30,0,0
P05,1557468969000,1557468720000,0,-2,2,1,60,0,0
P05,1557471537000,1557471480000,1,-2,0,-2,60,-1,0
P05,1557476714000,1557476700000,0,-3,-2,-2,60,1,0
P05,1557479658000,1557479400000,3,3,3,-3,30,1,0
P05,1557565907000,1557565860000,3,3,2,-1,60,3,-1
P05,1557568706000,1557568680000,3,-2,3,-2,60,1,0
P05,1557571277000,1557571260000,1,-1,1,0,60,0,0
P05,1557574096000,1557574080000,3,-1,1,-1,60,1,0
P05,1557576835000,1557576660000,1,-3,1,-1,60,1,0
P05,1557627798000,1557627780000,0,1,0,0,5,2,0
P05,1557630256000,1557630240000,1,-1,2,-1,60,1,-1
P05,1557633556000,1557633540000,1,-1,1,1,60,1,-2
P05,1557636203000,1557636180000,1,-3,1,1,60,1,-1
P05,1557638956000,1557638940000,0,-2,0,2,60,1,0
P05,1557710222000,1557710100000,3,-1,3,2,60,3,-1
P05,1557727545000,1557727380000,-1,-2,-3,3,60,2,-3
P05,1557733406000,1557733200000,-1,-1,1,2,60,1,0
P05,1557741262000,1557741240000,1,-3,3,2,30,2,-2
P05,1557749826000,1557749280000,1,-2,-2,2,60,2,-2
P05,1557803646000,1557803580000,1,-2,1,1,60,1,-1
P05,1557814390000,1557814200000,-1,-3,-1,-1,60,1,-2
P06,1557279129000,1557278880000,1,1,1,0,20,1,0
P06,1557281817000,1557281760000,2,1,1,-1,60,0,0
P06,1557285279000,1557285240000,1,1,1,0,20,-1,0
P06,1557290248000,1557290220000,2,2,1,-1,20,-1,0
P06,1557293546000,1557293340000,2,2,1,1,5,-2,0
P06,1557295992000,1557295980000,1,1,1,-1,30,1,1
P06,1557298785000,1557298740000,2,1,2,0,15,-3,1
P06,1557379816000,1557379680000,2,1,2,0,30,-1,0
P06,1557382240000,1557382140000,1,1,2,-1,30,1,1
P06,1557395416000,1557395340000,1,1,1,1,30,-2,0
P06,1557406487000,1557406440000,2,2,1,1,30,-1,2
P06,1557746485000,1557746460000,1,1,1,-1,30,-2,0
P06,1557798008000,1557797760000,1,1,1,-1,30,-1,1
P06,1557800956000,1557800940000,1,1,1,-1,30,1,1
P06,1557803668000,1557803460000,1,1,1,-1,30,1,0
P06,1557822361000,1557822300000,1,1,1,-1,60,0,0
P07,1557290063000,1557289920000,0,0,0,-1,15,1,0
P07,1557295925000,1557295860000,0,-1,0,-2,5,-2,0
P07,1557298470000,1557298440000,1,2,1,-2,15,0,0
P07,1557309691000,1557309540000,0,-2,-2,-2,10,-2,0
P07,1557384916000,1557384900000,0,-1,-2,-2,5,0,0
P07,1557395653000,1557395580000,2,2,2,-2,10,2,0
P07,1557406447000,1557406320000,0,0,0,-2,5,0,0
P07,1557460822000,1557460680000,2,2,0,-2,15,0,0
P07,1557463530000,1557463440000,2,2,2,-2,10,2,-1
P07,1557552556000,1557552480000,2,-2,0,-2,10,-1,0
P07,1557554901000,1557554880000,2,2,1,-2,15,2,-1
P07,1557557300000,1557557280000,0,-2,-1,-1,10,-1,0
P07,1557560175000,1557560160000,2,2,2,-2,10,2,-1
P07,1557638116000,1557638100000,-1,-2,-2,1,5,0,0
P07,1557746804000,1557746760000,-1,-1,-1,-2,5,1,0
P08,1557279768000,1557279720000,1,-1,2,1,10,3,-1
P08,1557285200000,1557285180000,1,-2,0,-1,5,3,0
P08,1557370335000,1557370320000,0,-2,-1,-1,5,2,-1
P08,1557375735000,1557375720000,2,-1,-1,-2,5,2,0
P08,1557460337000,1557460320000,1,-2,-2,-1,10,-1,0
P08,1557468988000,1557468840000,2,1,2,-1,15,3,0
P08,1557552242000,1557552120000,0,-1,2,2,15,3,0
P08,1557557600000,1557557580000,-1,2,2,2,15,3,-1
P08,1557563123000,1557563100000,-1,-2,2,3,10,3,-1
P08,1557565711000,1557565680000,-1,2,2,3,15,3,-1
P08,1557568404000,1557568380000,2,-2,-2,2,20,-1,0
P08,1557571217000,1557571200000,0,-1,2,3,10,3,-1
P08,1557573989000,1557573840000,-1,1,2,2,20,2,-1
P08,1557655130000,1557654840000,1,1,-1,-2,5,-1,0
P08,1557657920000,1557657780000,1,-1,-2,1,10,1,0
P08,1557660197000,1557660180000,-1,-1,1,2,10,2,-2
P08,1557663281000,1557663240000,-1,1,2,2,20,3,-2
P08,1557665839000,1557665820000,-2,2,2,3,20,3,-1
P08,1557712293000,1557712260000,0,1,2,1,10,3,-2
P08,1557719596000,1557719580000,1,1,2,-1,15,3,-1
P08,1557722660000,1557722640000,-1,-1,-2,2,20,-1,0
P08,1557725245000,1557725220000,0,-1,-2,1,10,-1,-1
P08,1557727878000,1557727860000,0,-2,-3,1,5,-1,0
P08,1557733401000,1557733380000,-1,1,1,2,20,3,-1
P08,1557736136000,1557736080000,-3,2,2,3,30,2,-1
P08,1557738755000,1557738720000,1,2,3,2,15,3,0
P08,1557749070000,1557748920000,-1,1,3,2,20,3,-1
P08,1557751933000,1557751920000,1,1,3,2,30,3,-1
P08,1557803660000,1557803520000,1,-1,-2,1,15,2,-1
P08,1557806120000,1557806100000,-1,1,-1,2,10,1,-1
P08,1557808883000,1557808860000,-1,0,2,1,20,3,0
P09,1557290691000,1557290640000,2,-2,-2,-2,10,0,0
P09,1557293228000,1557293040000,1,1,2,0,10,0,0
P09,1557296048000,1557295800000,1,1,1,-1,10,0,0
P09,1557298534000,1557298500000,1,2,2,-2,5,0,0
P09,1557301289000,1557301200000,1,2,2,-1,10,0,0
P09,1557306731000,1557306600000,0,1,1,0,10,0,0
P09,1557377072000,1557376920000,1,2,1,-2,10,0,0
P09,1557379443000,1557379320000,1,1,1,-1,15,1,1
P09,1557382467000,1557382320000,1,2,2,-1,20,3,0
P09,1557385366000,1557385140000,1,1,1,-1,20,3,0
P09,1557388030000,1557387780000,2,2,2,-2,15,3,0
P09,1557390741000,1557390480000,1,3,3,-1,10,3,0
P09,1557393259000,1557393240000,2,2,2,-2,20,0,0
P09,1557395960000,1557395700000,-3,-3,-3,3,10,3,-3
P09,1557465434000,1557465360000,2,2,2,-2,15,2,0
P09,1557467778000,1557467760000,2,-2,-1,-2,15,3,0
P09,1557473315000,1557473280000,0,-3,-3,-1,15,2,0
P09,1557475768000,1557475740000,1,-2,0,0,10,3,0
P09,1557479662000,1557479460000,2,2,1,-1,15,3,0
P09,1557551478000,1557551340000,2,-2,-1,-2,15,3,0
P09,1557576562000,1557576420000,3,-2,-2,-2,20,3,0
P09,1557579449000,1557579180000,3,0,-2,-1,10,3,0
P09,1557649230000,1557649080000,-1,-2,-1,2,15,3,-3
P09,1557652342000,1557652200000,1,-2,-2,-1,10,3,0
P09,1557657715000,1557657480000,2,-1,-1,-1,15,3,0
P09,1557744149000,1557743940000,-3,1,0,2,15,1,1
P09,1557833461000,1557833220000,2,2,2,-2,30,3,0
P10,1557279626000,1557279600000,1,-1,0,-1,60,-1,0
P10,1557285013000,1557285000000,0,-1,0,0,30,1,0
P10,1557287748000,1557287700000,1,0,-1,0,60,0,-1
P10,1557293247000,1557293220000,0,1,-1,-2,20,1,0
P10,1557313932000,1557313920000,1,1,1,1,20,0,0
P10,1557365119000,1557365100000,0,-2,-1,0,60,-1,0
P10,1557379760000,1557379740000,1,-1,1,-1,30,-3,0
P10,1557382168000,1557382140000,0,-1,0,1,30,-1,0
P10,1557384681000,1557384660000,1,0,1,-1,30,-3,0
P10,1557450853000,1557450840000,0,1,1,0,30,0,0
P10,1557454151000,1557454140000,1,1,0,-1,20,0,0
P10,1557460510000,1557460380000,-1,0,0,1,30,-3,0
P10,1557462976000,1557462960000,1,1,1,-1,15,0,1
P10,1557465989000,1557465960000,0,-2,-2,-1,30,-2,1
P10,1557468569000,1557468540000,0,0,1,-1,20,0,0
P10,1557471198000,1557471180000,1,1,1,-1,20,-3,0
P10,1557473595000,1557473580000,1,1,1,-1,30,-1,1
P10,1557557895000,1557557880000,1,-1,-1,-2,30,0,0
P10,1557560801000,1557560520000,0,-1,-3,1,30,-1,-1
P10,1557563115000,1557563100000,0,-1,-2,0,10,-1,0
P10,1557565520000,1557565500000,0,0,0,0,20,-1,0
P10,1557725292000,1557725280000,1,-1,1,0,60,0,0
P10,1557727785000,1557727740000,0,-2,-2,1,20,0,0
P10,1557730558000,1557730440000,-1,0,-1,0,20,-2,0
P10,1557741260000,1557741240000,1,-1,0,-1,20,-2,0
P10,1557814392000,1557814380000,0,0,-1,1,20,-1,0
P11,1557374319000,1557374220000,-2,-2,-2,2,60,0,-1
P11,1557377062000,1557376980000,-1,0,0,1,30,0,0
P11,1557379779000,1557379740000,1,0,0,1,30,0,0
P11,1557382340000,1557382320000,1,1,1,1,10,0,0
P11,1557384815000,1557384780000,-1,-1,0,0,20,0,0
P11,1557454382000,1557454320000,-1,0,-1,1,30,0,0
P11,1557471589000,1557471540000,1,1,1,0,30,0,0
P11,1557479731000,1557479580000,1,1,0,-1,15,0,0
P11,1557657727000,1557657660000,1,1,-1,0,20,0,0
P11,1557710786000,1557710760000,-1,1,1,1,30,0,0
P11,1557713839000,1557713820000,1,1,-1,-1,30,0,0
P11,1557725038000,1557724800000,-1,-1,-1,1,30,0,0
P11,1557733125000,1557732960000,1,1,2,1,10,1,0
P11,1557808829000,1557808740000,1,3,-1,-2,30,0,0
P11,1557811439000,1557811320000,3,3,-1,-3,30,0,0
P11,1557813955000,1557813840000,2,3,-2,-2,30,0,0
P12,1557379110000,1557379080000,-1,-1,-3,1,15,-1,0
P12,1557382065000,1557381960000,1,0,0,0,5,1,0
P12,1557384992000,1557384960000,0,-1,-1,1,10,1,0
P12,1557398532000,1557398520000,0,0,-2,-1,5,3,0
P12,1557468332000,1557468300000,1,-1,-2,0,20,-3,0
P12,1557471019000,1557471000000,0,0,-2,0,30,2,0
P12,1557546500000,1557546480000,0,-1,-3,-1,10,1,0
P12,1557549097000,1557549060000,1,-1,-1,-1,15,2,1
P12,1557551542000,1557551520000,1,-1,-2,-1,10,-1,0
P12,1557562945000,1557562740000,1,0,-3,0,10,3,0
P12,1557565585000,1557565440000,0,-2,-3,-1,60,3,0
P12,1557568287000,1557568260000,1,1,-2,-2,10,3,0
P12,1557576872000,1557576840000,1,1,-1,-1,30,1,0
P12,1557630188000,1557630060000,0,0,-2,-1,10,1,0
P12,1557635900000,1557635880000,1,1,-2,-1,10,-2,0
P12,1557647113000,1557646980000,1,1,-2,-1,10,-3,0
P12,1557654743000,1557654720000,1,1,-1,-1,5,-2,0
P12,1557710186000,1557710160000,1,1,3,-1,30,2,0
P12,1557713836000,1557713700000,0,0,1,-1,10,3,0
P12,1557797940000,1557797880000,1,1,0,-1,5,3,0
P12,1557806004000,1557805860000,1,1,-2,1,5,0,0
P12,1557814400000,1557814380000,1,1,-2,1,10,-3,0
P12,1557824837000,1557824640000,1,1,-2,-1,5,-3,0
P12,1557827230000,1557827100000,1,1,-1,-1,10,-3,0
P12,1557829973000,1557829680000,1,1,-2,-1,5,2,0
P13,1557279038000,1557278880000,1,0,0,1,20,-3,0
P13,1557282585000,1557282540000,2,1,1,2,30,1,0
P13,1557285183000,1557285120000,2,1,2,-1,30,-2,-3
P13,1557287816000,1557287760000,2,-2,2,0,30,1,-3
P13,1557290300000,1557290160000,2,-1,3,-1,30,2,-3
P13,1557292631000,1557292560000,-2,1,2,2,5,1,-3
P13,1557295950000,1557295920000,-3,2,0,3,20,0,-3
P13,1557373489000,1557373440000,1,1,3,2,15,2,-1
P13,1557390048000,1557389940000,2,-2,0,1,20,1,-2
P13,1557395798000,1557395700000,3,1,1,-1,30,1,-2
P13,1557398368000,1557398220000,3,1,2,-3,30,1,-2
P13,1557450865000,1557450840000,-2,-3,-3,-1,30,1,-2
P13,1557461004000,1557460740000,2,1,2,-1,20,1,0
P13,1557552023000,1557552000000,2,-2,2,-2,30,1,-2
P13,1557555284000,1557555240000,0,-2,3,1,30,2,-2
P13,1557557788000,1557557700000,2,0,0,1,30,0,0
P13,1557560591000,1557560520000,1,0,2,1,30,0,0
P13,1557563311000,1557563280000,2,-2,3,1,20,0,0
P13,1557568648000,1557568620000,3,-1,3,-1,20,0,0
P13,1557647001000,1557646980000,-3,-1,-2,3,30,0,0
P13,1557652460000,1557652260000,0,-2,3,1,30,0,0
P13,1557654739000,1557654720000,-1,-2,3,3,30,0,0
P13,1557659978000,1557659940000,0,-3,3,2,30,0,0
P13,1557663136000,1557663120000,3,0,2,-2,10,0,0
P13,1557665666000,1557665520000,0,0,3,2,30,0,0
P13,1557733008000,1557732900000,2,-2,3,1,30,0,0
P13,1557738567000,1557738480000,2,2,-3,-3,30,0,0
P13,1557744220000,1557744180000,3,-3,3,-3,30,0,0
P13,1557749415000,1557749340000,3,3,3,-3,30,0,0
P13,1557752291000,1557752280000,3,3,0,-3,20,0,0
P13,1557800198000,1557800100000,2,1,3,-1,20,0,0
P13,1557806243000,1557806220000,3,3,1,-3,30,0,0
P13,1557814152000,1557814140000,3,1,3,-1,30,0,0
P13,1557827918000,1557827820000,3,-2,1,-2,30,0,0
P13,1557830664000,1557830640000,3,1,3,-2,30,0,0
P13,1557835827000,1557835800000,3,2,2,-3,30,0,0
P13,1557838295000,1557838260000,3,3,3,-3,30,0,0
P15,1557284974000,1557284940000,2,1,1,-3,15,1,-1
P15,1557290431000,1557290400000,0,-1,1,-2,10,1,-1
P15,1557293245000,1557293220000,2,-1,-1,-3,15,0,0
P15,1557314981000,1557314940000,3,-1,-1,-1,30,1,0
P15,1557317358000,1557317340000,3,2,-2,-1,15,-3,0
P15,1557320120000,1557320040000,2,-1,-1,-1,30,-2,0
P15,1557365245000,1557365100000,0,-1,1,1,60,-3,0
P15,1557371648000,1557371580000,-1,2,2,1,5,-3,0
P15,1557381919000,1557381900000,3,-1,2,-2,15,-3,0
P15,1557397817000,1557397680000,0,-1,-1,-1,30,-2,0
P15,1557401336000,1557401040000,3,3,0,-2,60,-2,0
P15,1557465575000,1557465420000,3,2,-1,-1,60,-3,0
P15,1557471079000,1557471000000,3,-1,-1,-3,30,-3,0
P15,1557538165000,1557537900000,3,2,2,0,10,-3,0
P15,1557544080000,1557543960000,3,3,3,-3,60,-3,0
P15,1557547159000,1557546960000,3,3,3,-3,5,-3,0
P15,1557579212000,1557578940000,3,-3,-2,-2,15,-3,0
P15,1557636254000,1557636240000,3,-3,-3,-1,60,-3,0
P15,1557638771000,1557638700000,3,0,0,-2,60,-3,0
P15,1557646099000,1557646080000,3,-1,1,-1,30,-3,0
P15,1557713545000,1557713520000,1,-2,3,2,30,-3,0
P15,1557722604000,1557722580000,2,1,1,1,30,-3,0
P15,1557800961000,1557800880000,3,3,3,-3,60,-3,0
P15,1557803415000,1557803400000,3,3,3,-3,60,-3,0
P16,1557282360000,1557282300000,3,-2,2,-2,30,3,-3
P16,1557374316000,1557374280000,-1,-3,-2,-3,30,-3,0
P16,1557387986000,1557387720000,3,0,1,1,30,1,0
P16,1557393224000,1557393120000,-1,-3,3,1,20,0,0
P16,1557395800000,1557395700000,3,3,3,2,15,0,0
P16,1557398535000,1557398340000,-3,-3,-3,3,30,-3,0
P16,1557403983000,1557403920000,-1,-3,-2,3,60,3,-1
P16,1557406659000,1557406440000,0,-3,-2,2,30,3,-3
P16,1557471279000,1557471240000,1,-3,-2,-3,30,-3,0
P16,1557481934000,1557481860000,3,0,-1,-3,30,0,0
P16,1557493204000,1557493140000,3,3,3,-3,10,-3,0
P16,1557552499000,1557552360000,3,-3,1,-3,60,-3,0
P16,1557568464000,1557568440000,1,-2,1,1,60,-3,0
P16,1557649799000,1557649740000,0,0,0,0,60,-3,0
P16,1557710354000,1557710340000,-3,-3,-3,3,60,-3,0
P16,1557713891000,1557713760000,0,-3,-2,3,30,-3,0
P16,1557733247000,1557733020000,0,-3,-3,3,20,-3,0
P16,1557735683000,1557735540000,0,-1,1,1,20,-3,0
P16,1557743445000,1557743280000,-3,-3,1,3,30,-3,0
P16,1557806086000,1557806040000,3,3,0,-3,30,-3,0
P16,1557820043000,1557819780000,-1,-1,1,3,30,-3,0
P16,1557830592000,1557830580000,-3,-3,3,3,30,-3,0
P19,1557279674000,1557279660000,2,2,0,-1,30,0,0
P19,1557282283000,1557282240000,2,1,2,0,20,0,0
P19,1557285015000,1557285000000,2,2,2,-2,20,0,2
P19,1557287830000,1557287640000,1,1,1,-1,20,0,0
P19,1557290290000,1557290280000,2,1,1,-1,20,0,1
P19,1557293157000,1557292980000,1,1,1,-1,20,0,2
P19,1557385258000,1557385020000,1,0,2,-1,20,1,2
P19,1557388117000,1557387840000,2,1,2,-1,30,0,2
P19,1557395795000,1557395700000,2,1,2,-1,30,1,1
P19,1557563172000,1557563160000,2,2,1,-3,15,3,2
P19,1557571510000,1557571380000,2,1,2,-1,30,2,2
P19,1557574106000,1557573960000,2,2,1,-2,20,0,1
P19,1557577047000,1557576840000,2,1,0,-1,30,1,1
P19,1557641370000,1557641340000,2,1,2,-1,30,-1,0
P19,1557644310000,1557644100000,0,1,2,-1,20,1,1
P19,1557652656000,1557652440000,1,2,1,-1,30,0,0
P19,1557654987000,1557654960000,2,1,1,1,20,0,0
P19,1557660564000,1557660420000,0,1,1,-1,30,0,0
P19,1557663485000,1557663240000,0,1,1,-1,30,1,1
P19,1557811601000,1557811500000,2,1,3,-1,20,0,1
P19,1557819715000,1557819660000,1,2,1,-1,20,0,2
P19,1557822378000,1557822120000,1,0,2,-1,20,0,2
P19,1557825072000,1557824940000,1,0,2,-1,20,0,0
P19,1557827492000,1557827460000,1,1,2,-1,20,0,1
P20,1557287860000,1557287700000,1,0,0,2,20,-2,0
P20,1557296010000,1557295800000,1,-2,1,0,15,0,0
P20,1557309757000,1557309480000,0,-2,-1,-2,15,-2,0
P20,1557317287000,1557317100000,2,0,0,-1,30,-2,0
P20,1557392702000,1557392460000,2,0,1,-2,30,-2,0
P20,1557460579000,1557460560000,0,-2,-1,0,15,-2,0
P20,1557463346000,1557463080000,2,1,1,-2,30,-2,0
P20,1557476963000,1557476940000,0,-3,-2,-1,20,-2,1
P20,1557479532000,1557479340000,-1,-2,-2,1,30,0,0
P20,1557482340000,1557482220000,1,-2,0,-1,20,-2,0
P20,1557487586000,1557487320000,-2,2,0,2,30,-2,0
P20,1557633234000,1557633000000,2,1,0,-1,20,-2,0
P20,1557635831000,1557635580000,1,-2,-1,0,30,-2,0
P20,1557644479000,1557644340000,1,-1,-2,-2,30,-2,0
P20,1557713839000,1557713820000,-1,-2,-2,1,20,-2,0
P20,1557716831000,1557716640000,1,0,1,0,20,-2,0
P20,1557725242000,1557725040000,1,-1,-1,0,20,-2,0
P20,1557728089000,1557727800000,1,1,2,0,30,-2,0
P20,1557803690000,1557803520000,1,1,1,0,20,-1,0
P20,1557809229000,1557809040000,1,1,2,-1,15,0,0
P20,1557814333000,1557814140000,1,0,1,0,30,0,0
P20,1557816736000,1557816660000,0,-2,-2,0,30,-2,0
P20,1557838760000,1557838740000,1,1,-1,0,15,0,0
P21,1557298176000,1557298140000,2,1,0,-1,20,-2,0
P21,1557300823000,1557300780000,2,2,1,-2,10,1,3
P21,1557304015000,1557303780000,2,2,3,2,60,2,2
P21,1557376349000,1557376200000,2,1,1,-1,30,1,1
P21,1557382097000,1557382020000,2,1,1,1,30,1,1
P21,1557395522000,1557395400000,-2,0,2,2,30,1,-1
P21,1557398390000,1557398340000,-2,1,-1,3,60,1,1
P21,1557401331000,1557401100000,-1,-1,1,2,60,0,0
P21,1557460453000,1557460320000,2,1,2,1,60,2,1
P21,1557476912000,1557476820000,2,1,3,2,60,-2,2
P21,1557492778000,1557492720000,1,-2,-1,1,15,2,-1
P21,1557563366000,1557563340000,2,-2,-1,1,60,2,0
P21,1557568697000,1557568680000,2,-3,-2,-1,60,1,0
P21,1557571218000,1557571200000,2,-2,-2,-1,60,2,0
P21,1557644116000,1557644100000,2,-2,-2,-1,60,2,0
P21,1557646585000,1557646560000,2,-1,1,-1,60,1,1
P21,1557649338000,1557649320000,2,-2,-2,1,60,2,0
P21,1557655002000,1557654840000,2,1,1,-2,20,2,1
P21,1557657620000,1557657600000,2,1,2,-1,60,2,1
P21,1557660197000,1557660180000,2,1,0,-2,60,1,0
P21,1557722128000,1557722100000,1,-1,1,1,60,2,1
P21,1557725182000,1557725100000,2,-2,-1,1,30,2,1
P21,1557728152000,1557727920000,1,0,-1,1,60,2,1
P21,1557730819000,1557730620000,1,-2,-1,1,30,1,2
P21,1557733239000,1557733140000,1,-2,-2,1,60,1,1
P21,1557741751000,1557741540000,2,-1,-1,-2,60,1,1
P21,1557744156000,1557744120000,1,-1,-1,1,60,2,0
P21,1557800682000,1557800580000,2,-1,-2,1,60,1,-1
P21,1557803081000,1557803040000,2,-1,1,1,20,2,0
P21,1557805592000,1557805560000,1,-2,-1,1,30,2,0
P21,1557814253000,1557814080000,2,1,2,1,60,1,2
P21,1557819264000,1557819240000,1,-2,-2,0,60,1,0
P21,1557822386000,1557822300000,1,1,2,1,15,1,1
P21,1557825180000,1557824940000,2,1,2,2,30,2,-1
P23,1557278441000,1557278160000,2,-2,1,-3,30,1,0
P23,1557281429000,1557281400000,1,-3,-2,-1,10,-2,0
P23,1557285053000,1557284880000,2,1,1,-2,#N/A,2,-1
P23,1557293475000,1557293280000,2,-1,0,-2,30,-1,0
P23,1557296146000,1557295920000,1,-2,-3,0,30,1,0
P23,1557365722000,1557365700000,2,-2,-1,-1,15,-2,1
P23,1557368138000,1557368100000,2,-1,-1,-2,30,-2,0
P23,1557374244000,1557374220000,1,-2,-2,-2,10,-2,0
P23,1557379617000,1557379500000,2,1,1,-2,20,-2,1
P23,1557382367000,1557382200000,2,-2,1,-2,30,1,0
P23,1557390444000,1557390180000,1,1,1,-2,#N/A,2,-1
P23,1557403768000,1557403740000,-2,-2,-3,2,30,2,-2
P23,1557406583000,1557406560000,1,2,2,-2,20,2,1
P23,1557463597000,1557463380000,2,-2,1,-2,30,1,0
P23,1557473776000,1557473760000,2,-2,-2,-1,30,0,0
P23,1557476483000,1557476280000,-1,-2,-2,2,30,-2,0
P23,1557482073000,1557481980000,2,1,2,-2,20,-2,0
P23,1557484844000,1557484800000,2,-2,1,-1,15,-2,0
P23,1557487226000,1557487200000,2,-2,1,-2,60,-2,1
P23,1557563598000,1557563340000,2,2,3,-3,30,2,-1
P23,1557633019000,1557633000000,2,0,0,-2,10,-2,0
P23,1557635913000,1557635880000,2,-2,1,-3,15,-1,0
P23,1557638872000,1557638700000,2,-2,1,-2,15,2,0
P23,1557643998000,1557643980000,2,1,1,-2,15,-2,0
P23,1557647068000,1557647040000,2,0,-1,-2,30,-2,0
P23,1557652542000,1557652260000,3,2,2,-3,20,2,0
P23,1557657318000,1557657300000,2,-2,0,-2,20,-2,0
P23,1557662333000,1557662280000,2,2,1,-3,30,-2,0
P23,1557716776000,1557716760000,2,-2,-1,-3,15,-2,0
P23,1557719920000,1557719700000,2,-2,0,-2,10,-2,0
P23,1557725057000,1557724980000,2,2,1,-3,15,0,0
P23,1557796487000,1557796440000,2,-2,-1,-2,20,-2,0
P23,1557799539000,1557799500000,2,-2,-2,-3,30,-2,0
P23,1557814095000,1557814080000,1,-1,-1,-2,15,-2,0
P25,1557551934000,1557551880000,1,1,2,-1,30,-1,1
P25,1557568763000,1557568740000,1,-2,-1,-1,5,-2,0
P25,1557573988000,1557573960000,1,1,1,-1,20,2,-1
P25,1557576909000,1557576840000,0,-1,0,2,60,2,-1
P25,1557579385000,1557579360000,1,0,1,-1,15,1,0
P25,1557633041000,1557633000000,0,-1,-2,-1,10,0,-1
P25,1557638913000,1557638880000,1,2,1,-1,20,-2,0
P25,1557644059000,1557644040000,1,2,1,-1,15,1,0
P25,1557649036000,1557648960000,0,0,-1,1,30,2,-1
P25,1557651863000,1557651840000,1,0,1,2,30,2,-1
P25,1557654711000,1557654660000,1,0,1,1,10,2,-2
P25,1557657887000,1557657600000,1,1,2,0,20,2,0
P25,1557660031000,1557660000000,1,2,2,-1,30,2,-1
P25,1557719727000,1557719700000,1,1,2,-1,15,-1,1
P25,1557722507000,1557722340000,1,1,1,-1,10,-1,0
P25,1557733460000,1557733440000,0,0,0,-1,15,1,0
P25,1557736328000,1557736080000,1,0,0,0,5,0,0
P25,1557738886000,1557738840000,0,0,1,-1,10,-1,0
P25,1557746549000,1557746520000,0,-1,0,1,30,1,-1
P25,1557808806000,1557808680000,1,1,2,-2,30,1,-1
P25,1557811797000,1557811500000,1,0,1,1,5,-1,0
P25,1557825102000,1557825000000,2,1,2,-2,10,1,0
P26,1557277913000,1557277860000,1,2,2,-1,60,2,0
P26,1557284880000,1557284820000,0,-1,0,-2,15,1,1
P26,1557290931000,1557290640000,-3,-3,-1,2,10,1,-1
P26,1557304042000,1557303960000,3,3,1,0,15,0,1
P26,1557315018000,1557314940000,2,2,1,-3,10,1,0
P26,1557320464000,1557320220000,3,3,3,-3,20,1,0
P26,1557390420000,1557390300000,0,-2,0,-1,10,1,-1
P26,1557395712000,1557395580000,1,2,3,-2,60,3,-1
P26,1557404066000,1557403980000,3,3,3,-3,20,1,1
P26,1557471467000,1557471420000,2,2,2,-3,10,0,1
P26,1557476664000,1557476640000,1,2,1,-1,10,2,0
P26,1557484916000,1557484860000,2,2,2,-3,10,1,2
P26,1557487942000,1557487740000,1,1,0,-2,10,2,0
P26,1557490408000,1557490380000,2,1,2,-3,10,1,0
P26,1557492835000,1557492780000,1,0,1,-1,30,1,0
P26,1557541338000,1557541320000,1,1,2,-1,#N/A,0,1
P26,1557543830000,1557543720000,3,3,3,-3,10,0,2
P26,1557546349000,1557546120000,1,1,2,-1,10,-1,1
P26,1557548946000,1557548700000,1,1,0,-2,5,1,0
P26,1557568477000,1557568260000,1,2,0,-3,60,2,1
P26,1557627585000,1557627360000,0,0,0,0,#N/A,0,0
P26,1557641552000,1557641460000,1,2,0,-1,20,2,-1
P26,1557644355000,1557644160000,2,0,3,-3,5,1,-1
P26,1557649291000,1557649140000,1,1,3,-1,60,1,0
P26,1557711571000,1557711480000,2,2,1,-1,60,-1,1
P26,1557714543000,1557714420000,2,1,1,-2,15,1,0
P26,1557719640000,1557719580000,0,-1,0,1,#N/A,0,0
P26,1557736131000,1557736080000,-1,-1,1,0,#N/A,1,0
P26,1557744243000,1557744000000,3,2,0,0,10,0,0
P26,1557749676000,1557749460000,3,2,1,-2,15,-1,1
P26,1557797522000,1557797460000,0,0,1,-1,#N/A,1,0
P26,1557803367000,1557803100000,1,1,0,-1,5,0,1
P26,1557806240000,1557806160000,1,2,3,-2,30,0,1
P26,1557809219000,1557808920000,0,0,3,0,30,2,-1
P26,1557813984000,1557813960000,-1,-1,2,0,30,2,0
P26,1557819638000,1557819480000,-1,-2,0,2,30,2,-1
P26,1557825154000,1557825060000,2,1,0,0,20,0,0
P26,1557827999000,1557827700000,-1,-3,3,1,60,3,-1
P26,1557830389000,1557830220000,-3,-3,3,3,60,3,-2
P26,1557836131000,1557835980000,1,1,2,-3,10,0,1
P26,1557838757000,1557838560000,0,-1,-1,1,5,-1,0
P27,1557281830000,1557281820000,2,-2,0,0,10,1,0
P27,1557284608000,1557284580000,1,-1,1,-1,15,1,0
P27,1557287833000,1557287580000,0,1,0,0,30,0,1
P27,1557290541000,1557290460000,1,1,1,2,5,1,1
P27,1557301101000,1557301080000,1,-1,1,0,5,0,0
P27,1557303982000,1557303960000,-1,-1,1,1,15,2,0
P27,1557306701000,1557306480000,1,-1,0,0,5,0,-1
P27,1557309520000,1557309240000,1,-1,0,-2,5,2,0
P27,1557312052000,1557312000000,1,-1,1,0,5,-1,-1
P27,1557320201000,1557320040000,-1,1,1,2,20,1,1
P27,1557382652000,1557382440000,2,-2,0,-1,30,1,-2
P27,1557384898000,1557384840000,-1,1,0,0,5,0,1
P27,1557387729000,1557387720000,-1,1,0,2,10,1,0
P27,1557390220000,1557390120000,1,1,1,0,5,2,-1
P27,1557397937000,1557397920000,2,2,1,-2,20,2,0
P27,1557401142000,1557401100000,1,-1,1,1,15,1,-1
P27,1557463240000,1557463200000,0,-1,1,-1,20,1,0
P27,1557465736000,1557465720000,1,-1,0,-1,15,0,0
P27,1557468799000,1557468660000,1,1,1,1,10,-2,0
P27,1557471455000,1557471300000,1,-1,1,0,10,0,-1
P27,1557474144000,1557473940000,1,1,1,1,10,0,0
P27,1557476811000,1557476760000,0,1,0,-1,5,-1,-1
P27,1557479416000,1557479160000,1,-2,0,0,10,2,-2
P27,1557482236000,1557481980000,2,2,2,-1,10,0,0
P27,1557557820000,1557557700000,1,-1,1,0,10,1,0
P27,1557560790000,1557560520000,0,1,0,1,10,0,0
P27,1557565614000,1557565500000,1,-1,0,0,15,0,0
P27,1557568668000,1557568560000,0,-1,1,0,10,1,0
P27,1557574114000,1557573900000,1,0,-1,-1,10,0,0
P27,1557633501000,1557633420000,0,1,-1,1,15,0,-1
P27,1557639160000,1557638880000,-1,1,-1,-2,5,0,0
P27,1557644218000,1557644040000,1,1,-1,-1,5,0,-1
P27,1557646452000,1557646440000,1,-1,0,1,15,1,1
P27,1557648970000,1557648840000,1,-1,0,1,10,-1,-1
P27,1557652243000,1557652080000,0,-1,1,0,30,-1,1
P27,1557658024000,1557657840000,1,-1,1,-1,10,0,0
P27,1557717364000,1557717240000,1,-1,0,0,10,1,0
P27,1557719901000,1557719640000,0,1,-1,0,10,0,-1
P27,1557722229000,1557722220000,2,-2,0,0,15,-1,-1
P27,1557724752000,1557724680000,1,-1,0,-1,20,0,0
P27,1557744440000,1557744240000,-1,-1,1,0,10,-1,1
P27,1557749533000,1557749280000,1,-1,0,-1,10,-1,-1
P27,1557825046000,1557825000000,1,-1,0,0,10,1,0
P27,1557830304000,1557830160000,1,-1,0,0,10,0,0
P27,1557833306000,1557833160000,1,-1,0,-1,10,1,-1
P27,1557835820000,1557835800000,-1,1,0,-1,10,0,1
P28,1557279153000,1557279000000,0,-1,0,1,5,0,0
P28,1557281678000,1557281400000,-2,-2,-1,1,15,0,0
P28,1557284308000,1557284280000,-1,-2,-1,1,20,-2,-2
P28,1557286950000,1557286920000,-2,-2,-1,1,20,0,0
P28,1557289469000,1557289440000,-1,-1,-2,1,5,0,0
P28,1557292282000,1557292080000,0,-1,-2,1,15,-1,-1
P28,1557294883000,1557294780000,0,0,-1,1,15,0,0
P28,1557298512000,1557298440000,-1,0,0,1,15,-1,-1
P28,1557301419000,1557301380000,-2,1,0,2,15,0,-1
P28,1557304139000,1557304080000,-2,-2,-1,2,30,-2,0
P28,1557368472000,1557368460000,-1,0,0,1,20,-1,-1
P28,1557371448000,1557371400000,-1,-2,0,1,10,-1,-1
P28,1557374032000,1557373860000,-2,-1,-1,0,15,-1,-1
P28,1557376993000,1557376980000,-1,-1,1,1,15,0,0
P28,1557379484000,1557379380000,-1,-1,0,1,20,-2,-1
P28,1557384873000,1557384840000,-1,-1,0,2,20,-1,-1
P28,1557393089000,1557393000000,-1,-1,-1,0,20,-1,-1
P28,1557395759000,1557395700000,-2,-2,-1,2,20,-2,-1
P28,1557454715000,1557454680000,-1,-2,-1,0,15,-1,-1
P28,1557457952000,1557457860000,-2,0,-1,0,15,-1,-1
P28,1557460420000,1557460320000,-2,0,-1,0,20,-1,-1
P28,1557462979000,1557462960000,-1,-1,0,1,30,0,0
P28,1557465500000,1557465480000,-1,0,-1,1,20,-1,-1
P28,1557467934000,1557467880000,-2,-1,-1,1,30,-1,0
P28,1557470806000,1557470520000,0,0,1,0,20,-1,0
P28,1557473950000,1557473940000,-1,-1,0,1,15,-1,-1
P28,1557476692000,1557476640000,-1,0,-1,2,15,-2,0
P28,1557479936000,1557479640000,-2,-1,-2,1,30,-2,-2
P28,1557482381000,1557482160000,-1,0,-1,-1,15,-1,-1
P28,1557484609000,1557484560000,-2,-1,-1,1,15,-1,-1
P28,1557543291000,1557543060000,-1,-1,-2,0,15,-1,0
P28,1557545640000,1557545580000,-1,-1,0,1,15,1,-1
P28,1557552008000,1557552000000,0,0,-1,0,20,0,0
P28,1557557536000,1557557520000,-1,-1,0,1,15,0,0
P28,1557560648000,1557560640000,-1,-1,0,0,10,0,-1
P28,1557563410000,1557563280000,-2,-1,0,1,15,0,0
P28,1557566034000,1557565860000,-1,0,-1,1,15,-2,-2
P28,1557632986000,1557632820000,-2,0,-1,1,15,0,0
P28,1557638552000,1557638400000,-1,0,-1,1,15,0,-1
P28,1557641290000,1557641280000,-1,-1,0,1,15,-1,-2
P28,1557644053000,1557644040000,-1,-1,0,0,15,-2,0
P28,1557646451000,1557646440000,0,-1,0,0,15,-1,0
P28,1557649872000,1557649740000,-2,-1,0,1,15,0,-1
P28,1557652337000,1557652320000,-1,-1,0,1,20,0,-1
P28,1557654854000,1557654840000,-1,-1,0,1,15,0,-1
P28,1557660311000,1557660300000,-1,-1,0,1,15,0,-1
P28,1557663223000,1557663180000,-1,-1,0,1,20,0,-1
P28,1557719936000,1557719700000,-1,0,-1,0,15,0,-1
P28,1557722479000,1557722340000,0,-1,0,0,20,0,-1
P28,1557735778000,1557735720000,-1,-1,0,1,15,0,-1
P28,1557740947000,1557740820000,-1,0,-1,1,15,0,-1
P28,1557743648000,1557743400000,0,-1,1,0,15,0,0
P28,1557746078000,1557746040000,0,-1,0,-2,15,0,0
P28,1557748990000,1557748980000,-1,0,-1,0,20,0,-1
P28,1557751751000,1557751680000,0,-1,0,1,15,0,-1
P28,1557800193000,1557800100000,0,-1,0,0,15,0,-1
P28,1557803360000,1557803340000,0,-1,1,0,15,0,-1
P28,1557808882000,1557808860000,0,-1,1,1,20,0,1
P28,1557814448000,1557814380000,0,-1,0,1,15,-1,-1
P28,1557817149000,1557817080000,0,-1,-1,0,15,0,-1
P28,1557819960000,1557819660000,0,-1,-1,0,15,-1,-1
P28,1557822490000,1557822480000,0,0,0,1,20,0,-1
P28,1557825013000,1557825000000,0,-1,0,1,10,0,-1
P28,1557835343000,1557835320000,-1,0,-1,0,15,-1,-1
P29,1557976622000,1557976440000,0,-2,-1,0,10,0,0
P29,1557981987000,1557981720000,-1,-2,-1,0,20,1,-1
P29,1557984499000,1557984300000,0,-2,-1,-1,10,1,0
P29,1557987179000,1557987120000,0,-1,-1,1,15,-1,0
P29,1557992508000,1557992340000,0,1,2,1,10,0,0
P29,1558062509000,1558062300000,0,-1,0,2,5,0,0
P29,1558083681000,1558083660000,0,-2,0,0,10,1,0
P29,1558159977000,1558159680000,0,-2,0,0,5,1,-1
P29,1558162341000,1558162140000,0,-2,2,1,10,2,-1
P29,1558235274000,1558235040000,0,0,-1,2,15,1,0
P29,1558238064000,1558238040000,0,-2,-1,1,5,2,-2
P29,1558240963000,1558240800000,0,-1,0,2,10,0,0
P29,1558249348000,1558249080000,-1,0,2,1,10,0,0
P29,1558256817000,1558256640000,0,0,2,0,20,0,0
P29,1558316543000,1558316520000,0,-1,1,2,10,2,-2
P29,1558324691000,1558324680000,0,0,-1,0,10,0,0
P29,1558327474000,1558327200000,0,-1,-1,1,15,0,0
P29,1558329613000,1558329600000,-2,0,0,0,10,0,0
P29,1558348924000,1558348800000,-1,0,1,2,15,0,0
P29,1558354320000,1558354260000,-1,0,0,2,10,0,0
P29,1558413739000,1558413540000,-1,-2,-2,2,5,0,0
P29,1558415960000,1558415940000,0,-2,-2,0,15,0,0
P29,1558435326000,1558435260000,-1,-2,-2,2,15,0,0
P29,1558513579000,1558513440000,0,1,1,-1,10,0,0
P29,1558519198000,1558519140000,-1,-1,-2,1,5,0,0
P30,1557973171000,1557973140000,1,0,2,-3,20,-2,0
P30,1557978566000,1557978540000,2,2,1,-2,10,2,0
P30,1557981067000,1557981000000,2,2,3,-3,30,3,-1
P30,1557984357000,1557984240000,0,-2,1,-1,15,-1,0
P30,1557987031000,1557987000000,0,-2,-1,-2,30,0,0
P30,1557992444000,1557992400000,1,1,0,-2,20,-3,1
P30,1558000248000,1558000140000,0,0,1,-2,15,-2,0
P30,1558062677000,1558062480000,1,2,2,-1,20,2,0
P30,1558065712000,1558065420000,1,1,2,1,20,-1,1
P30,1558071045000,1558070940000,2,0,3,-2,30,3,0
P30,1558073554000,1558073520000,1,-3,2,-1,30,3,1
P30,1558076138000,1558075920000,1,3,1,-2,30,2,0
P30,1558078584000,1558078560000,-1,1,2,1,20,3,-1
P30,1558081249000,1558081020000,1,2,1,-1,20,3,-1
P30,1558141886000,1558141860000,2,1,1,-1,5,-2,1
P30,1558148958000,1558148700000,1,-1,-1,-1,30,2,1
P30,1558151187000,1558151160000,1,0,1,-1,15,-1,1
P30,1558154735000,1558154460000,1,1,1,-2,20,1,0
P30,1558159567000,1558159320000,1,2,0,-1,20,2,1
P30,1558162308000,1558162020000,1,1,1,-2,20,1,0
P30,1558168343000,1558168080000,1,1,-1,-3,30,2,0
P30,1558170637000,1558170540000,1,-1,0,-3,10,-2,-1
P30,1558173647000,1558173480000,1,3,2,-1,20,2,1
P30,1558181134000,1558180920000,1,2,3,-1,30,2,1
P30,1558184136000,1558183860000,1,1,3,-2,20,2,0
P30,1558234288000,1558234200000,-1,-3,0,0,60,2,0
P30,1558236616000,1558236600000,1,2,2,-1,5,2,0
P30,1558240239000,1558240200000,2,1,2,-1,20,1,0
P30,1558242636000,1558242600000,1,0,-1,-1,15,1,0
P30,1558248988000,1558248840000,0,-1,0,-1,30,-2,0
P30,1558251658000,1558251540000,1,1,0,-1,20,1,0
P30,1558260042000,1558259940000,1,-1,-1,-1,20,1,0
P30,1558262477000,1558262460000,1,0,-1,-1,20,2,0
P30,1558315829000,1558315800000,1,1,1,-1,15,2,0
P30,1558319193000,1558319100000,-1,3,2,-1,5,1,1
P30,1558322139000,1558321980000,1,0,0,-2,20,1,0
P30,1558324633000,1558324500000,0,-1,-1,-1,30,0,0
P30,1558327173000,1558326900000,0,-2,-1,0,20,-1,0
P30,1558329984000,1558329960000,-2,2,1,3,10,-1,-1
P30,1558332764000,1558332600000,1,2,-1,0,10,-1,0
P30,1558338103000,1558338060000,1,-2,-1,1,15,3,-2
P30,1558343427000,1558343280000,1,1,1,-1,15,1,0
P30,1558346423000,1558346280000,1,-1,2,-1,10,1,0
P30,1558349016000,1558348980000,1,1,-1,-1,15,0,0
P30,1558357223000,1558357020000,-1,-1,0,-1,30,0,0
P30,1558424245000,1558424220000,-1,0,1,1,30,1,0
P30,1558427137000,1558427040000,1,1,1,-1,20,-1,0
P30,1558432838000,1558432740000,-1,1,1,1,10,2,0
P30,1558438312000,1558438140000,-3,-1,3,3,30,3,-1
P30,1558440959000,1558440660000,-2,1,3,3,15,3,-1
P30,1558493836000,1558493640000,-1,1,1,2,15,2,-1
P30,1558496421000,1558496280000,1,2,2,-3,20,-1,0
P31,1558062770000,1558062720000,1,0,-1,2,30,-1,0
P31,1558065599000,1558065480000,2,2,2,-2,20,0,0
P31,1558068282000,1558068240000,1,1,-2,-1,30,1,1
P31,1558076089000,1558076040000,1,-1,0,-1,30,0,0
P31,1558078595000,1558078440000,1,-1,-1,-1,60,-2,0
P31,1558238267000,1558238100000,1,-1,0,-1,60,-1,0
P31,1558241234000,1558241040000,-1,-1,-1,1,20,-2,-1
P31,1558260157000,1558259880000,2,-2,1,-1,20,-1,0
P31,1558262421000,1558262340000,1,0,1,-1,15,-2,0
P31,1558315658000,1558315440000,-1,-1,-1,1,20,-1,0
P31,1558319239000,1558319220000,0,-1,-1,0,60,-2,0
P31,1558321858000,1558321680000,-1,-1,0,-1,15,-1,0
P31,1558324864000,1558324620000,0,0,1,1,20,-2,0
P31,1558330183000,1558330080000,1,1,0,-1,20,-1,0
P31,1558332789000,1558332720000,1,1,1,-1,30,-1,0
P31,1558335237000,1558335180000,1,-1,0,1,20,0,0
P31,1558337876000,1558337760000,1,-1,-1,0,20,-1,0
P31,1558405229000,1558405200000,-1,-1,-1,0,60,-2,0
P31,1558421294000,1558421280000,0,-1,0,-1,30,-2,0
P31,1558426854000,1558426800000,1,2,1,-1,20,-2,0
P31,1558492256000,1558492140000,-2,-1,-1,1,30,-1,0
P31,1558497463000,1558497300000,1,-2,0,1,20,-1,0
P31,1558499719000,1558499700000,1,-2,-2,1,30,-2,0
P31,1558505288000,1558505220000,1,-1,-1,0,20,-1,0
P31,1558508336000,1558508160000,-1,0,-2,1,30,-1,0
P31,1558521762000,1558521720000,1,-1,-1,-1,20,-1,0
P31,1558524479000,1558524240000,-1,-1,-1,2,30,-2,0
P31,1558527403000,1558527240000,-1,-1,-1,1,15,-1,0
P32,1557969869000,1557969660000,0,-2,-1,0,30,1,0
P32,1557973625000,1557973380000,1,-2,2,0,60,2,0
P32,1557982005000,1557981840000,-1,1,3,3,10,2,-2
P32,1557984931000,1557984480000,-1,-1,2,3,60,3,-1
P32,1557992500000,1557992280000,0,-3,3,0,30,3,0
P32,1558003521000,1558002960000,0,0,3,-1,20,1,1
P32,1558006002000,1558005780000,-2,-3,-2,1,30,1,-3
P32,1558008725000,1558008540000,0,0,0,0,20,0,0
P32,1558056560000,1558056480000,2,1,2,-2,20,-3,0
P32,1558065355000,1558065180000,0,0,0,0,20,0,0
P32,1558071262000,1558070700000,2,1,3,1,60,3,0
P32,1558073760000,1558073220000,2,-3,2,3,20,3,-2
P32,1558079184000,1558078800000,1,-3,-3,1,30,-3,2
P32,1558141769000,1558141200000,2,-3,0,-2,60,-3,1
P32,1558145889000,1558145820000,1,-3,1,-3,60,-3,0
P32,1558151710000,1558151520000,0,0,0,0,60,0,0
P32,1558154994000,1558154580000,3,-3,3,-3,30,-3,3
P32,1558173393000,1558173300000,3,-3,-3,-3,60,-3,-1
P32,1558176526000,1558176180000,0,0,0,0,30,0,0
P32,1558314989000,1558314780000,0,-2,-3,-1,30,-3,0
P32,1558318351000,1558318020000,0,0,3,2,60,0,0
P32,1558333371000,1558332840000,-2,-3,2,3,60,2,-1
P32,1558354153000,1558354080000,2,-3,3,0,60,-3,0
P32,1558413947000,1558413540000,-3,-1,2,3,60,2,-2
P32,1558419495000,1558419240000,1,-2,1,3,60,-1,0
P32,1558422124000,1558421760000,-2,-3,2,3,60,-2,0
P32,1558424736000,1558424400000,2,1,1,2,30,-2,2
P32,1558489364000,1558489320000,1,-3,2,2,60,2,-2
P32,1558494912000,1558494660000,1,-2,1,1,60,1,-2
P32,1558505803000,1558505400000,-2,-3,1,-1,60,0,-2
P32,1558508420000,1558507980000,2,1,-2,2,60,-2,0
P32,1558510883000,1558510620000,1,-3,3,0,60,3,-1
P32,1558516613000,1558516320000,1,-3,3,-1,60,3,0
P32,1558530123000,1558529940000,1,0,1,0,10,-3,2
P33,1557981560000,1557981540000,-3,-2,-3,3,15,0,0
P33,1557987063000,1557986940000,-3,-1,-2,3,60,-1,-1
P33,1557989826000,1557989760000,-3,-2,-3,3,60,-1,-1
P33,1557995443000,1557995280000,-1,-1,0,1,5,-1,0
P33,1557997938000,1557997920000,1,1,0,-1,5,0,1
P33,1558064945000,1558064880000,1,1,1,-1,5,0,-1
P33,1558076000000,1558075980000,3,3,3,-3,20,0,1
P33,1558086496000,1558086480000,3,3,3,0,60,0,2
P33,1558160015000,1558159980000,3,3,3,-3,60,0,0
P33,1558240829000,1558240800000,3,3,3,0,30,1,1
P33,1558243230000,1558243200000,3,3,3,-3,60,1,2
P33,1558246452000,1558246440000,3,3,3,-3,60,0,2
P33,1558257053000,1558256940000,3,3,3,-3,15,1,0
P33,1558259496000,1558259400000,3,3,3,-3,20,0,1
P33,1558319379000,1558319340000,-1,-1,-3,1,60,-1,0
P33,1558322013000,1558321860000,3,3,3,-3,5,0,0
P33,1558324719000,1558324500000,3,3,3,0,20,0,0
P33,1558402498000,1558402260000,3,3,3,-3,10,0,0
P33,1558404906000,1558404840000,3,3,3,-3,20,1,0
P33,1558410941000,1558410900000,0,-1,-2,1,5,0,-1
P33,1558413847000,1558413600000,-1,-2,-3,1,30,-1,-1
P33,1558416823000,1558416540000,1,-2,-2,2,15,-3,-1
P33,1558427120000,1558426980000,3,3,3,-3,10,0,0
P33,1558511063000,1558510860000,1,-1,-1,0,10,2,-1
P33,1558515978000,1558515900000,2,1,3,-3,20,1,2
P33,1558519329000,1558519140000,3,3,3,-3,10,2,3
P33,1558524252000,1558524240000,-2,-2,-2,1,20,3,-2
P33,1558526824000,1558526760000,-1,-2,-2,2,5,2,-2
P33,1558529718000,1558529460000,-2,-2,-3,1,5,2,-1
P35,1557973473000,1557973440000,2,-1,1,-1,60,3,-3
P35,1557978536000,1557978480000,0,-1,0,1,20,-2,0
P35,1557981665000,1557981600000,-1,0,-2,1,30,3,0
P35,1557992126000,1557992100000,0,0,0,0,10,0,0
P35,1558055745000,1558055700000,-1,-1,-3,3,60,-3,0
P35,1558058368000,1558058100000,-2,-2,-3,3,60,0,0
P35,1558061669000,1558061640000,0,0,0,0,5,0,0
P35,1558072802000,1558072680000,-3,1,0,3,30,0,0
P35,1558089577000,1558089360000,0,0,0,-1,20,0,0
P35,1558097771000,1558097520000,0,0,0,-1,60,0,0
P35,1558173465000,1558173360000,1,-1,0,0,30,0,0
P35,1558235495000,1558235460000,1,0,0,-1,30,1,0
P35,1558238181000,1558238160000,-1,0,-1,1,30,0,0
P35,1558243764000,1558243740000,0,0,0,0,30,0,0
P35,1558251778000,1558251600000,0,0,0,-1,20,0,0
P35,1558318922000,1558318800000,0,-1,0,0,#N/A,0,0
P35,1558321422000,1558321380000,-2,0,0,2,5,0,0
P35,1558327108000,1558326960000,0,0,0,0,#N/A,0,0
P35,1558354439000,1558354140000,0,0,0,0,#N/A,0,0
P35,1558416645000,1558416420000,0,0,0,0,30,0,0
P35,1558422009000,1558421940000,0,0,-1,-1,60,0,0
P35,1558497637000,1558497540000,-1,0,-1,0,#N/A,0,0
P35,1558500410000,1558500120000,-1,0,-1,2,30,0,0
P35,1558510966000,1558510680000,0,0,-1,0,30,0,0
P35,1558521964000,1558521780000,0,1,0,-1,#N/A,0,0
P35,1558524655000,1558524420000,0,0,0,0,30,0,0
P36,1557978837000,1557978780000,2,-3,2,0,30,-1,0
P36,1557992683000,1557992640000,2,2,2,-2,15,1,-1
P36,1558170522000,1558170480000,3,-1,2,-1,30,-3,3
P36,1558178715000,1558178700000,2,-1,1,-1,15,-2,-2
P36,1558181490000,1558181460000,3,-1,3,-3,30,3,0
P36,1558183879000,1558183860000,3,0,1,1,30,0,0
P36,1558314739000,1558314480000,3,-3,3,1,60,-3,2
P36,1558346415000,1558346160000,3,1,3,-3,30,0,0
P36,1558357298000,1558357020000,2,-1,1,-2,20,-1,3
P36,1558407981000,1558407960000,1,1,1,-3,20,-3,2
P36,1558413508000,1558413480000,-1,-3,-3,2,15,-3,0
P36,1558497563000,1558497540000,3,-3,-3,-3,60,-3,2
P36,1558502661000,1558502520000,2,-2,2,-3,60,-3,0
P36,1558508115000,1558508100000,3,-3,-3,-3,20,-1,0
P36,1558510770000,1558510740000,3,-3,3,-3,30,0,0
P36,1558513311000,1558513260000,2,-1,0,-3,60,-2,2
P36,1558529607000,1558529580000,2,-2,2,-2,60,3,0
P37,1557973204000,1557973020000,0,-2,-3,1,30,2,0
P37,1557975753000,1557975600000,1,-2,0,0,5,1,1
P37,1557978847000,1557978600000,-2,-1,-2,2,10,1,0
P37,1557981702000,1557981540000,-1,-3,-3,1,30,0,0
P37,1558064583000,1558064520000,0,-1,-1,-1,10,-1,0
P37,1558067441000,1558067160000,-1,-1,2,-3,10,0,0
P37,1558069847000,1558069680000,0,-1,1,2,30,0,0
P37,1558072992000,1558072980000,0,0,0,0,5,0,0
P37,1558076143000,1558075980000,1,2,1,2,60,1,0
P37,1558078837000,1558078680000,-2,-1,2,2,10,-1,0
P37,1558084234000,1558084200000,2,2,2,-1,10,0,1
P37,1558157160000,1558157100000,-1,1,-1,1,10,0,0
P37,1558243809000,1558243740000,1,-1,1,-1,10,0,0
P37,1558330108000,1558329960000,0,0,0,0,10,0,-1
P37,1558340674000,1558340640000,-1,-1,-1,2,15,0,0
P37,1558408133000,1558407960000,0,-1,-1,1,20,0,0
P38,1558003236000,1558003200000,3,2,2,-2,30,2,2
P38,1558060305000,1558060080000,1,0,1,-2,15,2,1
P38,1558062722000,1558062540000,3,1,2,-2,60,2,2
P38,1558065440000,1558065420000,2,1,3,-2,30,1,0
P38,1558071113000,1558070820000,2,0,1,1,30,0,1
P38,1558079056000,1558079040000,2,3,3,-2,60,3,2
P38,1558148228000,1558148100000,3,2,1,-3,60,2,3
P38,1558162334000,1558162320000,2,2,3,-3,10,2,-1
P38,1558251053000,1558250820000,3,2,1,-2,#N/A,2,1
P38,1558256620000,1558256580000,3,2,2,1,20,1,-1
P38,1558332697000,1558332600000,2,1,3,-3,10,2,2
P38,1558341113000,1558340880000,2,1,2,-3,#N/A,1,0
P38,1558424588000,1558424580000,2,1,3,-3,#N/A,2,2
P38,1558490900000,1558490880000,1,2,0,-1,#N/A,1,0
P38,1558499508000,1558499340000,2,1,3,-1,#N/A,1,2
P39,1557979387000,1557979080000,1,-2,-1,1,30,0,0
P39,1557984532000,1557984480000,-1,-1,0,1,5,-3,1
P39,1557987126000,1557986940000,1,2,0,-1,15,-1,1
P39,1558060052000,1558059840000,-2,-3,-1,1,60,2,-1
P39,1558065382000,1558065360000,-1,-3,-1,1,20,3,-2
P39,1558068206000,1558067760000,0,-1,-3,0,60,0,0
P39,1558070246000,1558070220000,-2,0,1,1,30,-2,0
P39,1558073101000,1558072920000,-3,-1,-1,2,20,-2,-1
P39,1558076025000,1558075980000,-2,-3,-2,0,60,-2,0
P39,1558141828000,1558141740000,-1,-3,-3,0,30,-3,0
P39,1558144231000,1558144200000,-1,-2,-3,2,20,3,0
P39,1558167782000,1558167660000,2,3,2,0,10,3,0
P39,1558184161000,1558183920000,1,-3,-1,0,20,1,-1
P39,1558237578000,1558237560000,2,1,1,1,60,1,0
P39,1558249168000,1558248600000,-2,-1,0,2,60,2,-1
P39,1558251296000,1558251120000,0,1,0,0,30,2,0
P39,1558254285000,1558254000000,2,2,2,-1,30,3,0
P39,1558318776000,1558318380000,0,0,-1,1,60,2,0
P39,1558322621000,1558322040000,-2,-2,-2,1,15,-2,0
P39,1558327486000,1558327440000,-1,-2,-2,1,60,2,0
P39,1558335772000,1558335540000,-1,-2,-3,1,60,2,0
P39,1558338157000,1558338120000,0,0,1,0,30,-2,0
P39,1558340949000,1558340700000,1,0,-1,0,15,-2,0
P39,1558343255000,1558343160000,1,-3,-2,0,30,2,0
P39,1558348955000,1558348800000,3,2,1,-1,20,1,0
P39,1558402561000,1558402440000,1,0,1,0,20,2,0
P39,1558406126000,1558405740000,-1,-1,-2,1,60,2,0
P39,1558408621000,1558408200000,-1,-2,1,0,20,-1,0
P39,1558414001000,1558413480000,-1,-1,1,0,15,-1,0
P39,1558419329000,1558419180000,-1,1,1,1,60,2,0
P39,1558440790000,1558440300000,1,-1,-2,1,60,2,0
P39,1558443061000,1558443000000,1,1,-1,1,30,-2,0
P39,1558488447000,1558488420000,2,1,0,0,20,2,0
P39,1558491180000,1558491120000,-1,-1,-2,1,60,3,0
P39,1558494990000,1558494540000,1,1,1,0,30,3,0
P39,1558503069000,1558502880000,0,-1,-2,0,15,1,0
P39,1558508558000,1558508340000,0,-2,-2,1,10,2,0
P39,1558510814000,1558510800000,-1,-1,-1,0,60,3,0
P39,1558516190000,1558516080000,2,-2,-3,0,15,2,0
P39,1558518985000,1558518840000,1,1,2,0,30,2,0
P39,1558530092000,1558529700000,1,1,2,1,10,3,0
P40,1557969127000,1557969000000,0,-2,2,3,60,-1,0
P40,1557972661000,1557972240000,0,-2,0,-1,60,-2,0
P40,1557976318000,1557975780000,0,-2,1,-2,60,-1,1
P40,1557982124000,1557981840000,0,-2,1,0,60,-1,1
P40,1557984649000,1557984480000,0,-2,1,-1,60,1,0
P40,1557989885000,1557989640000,0,-2,0,1,30,-1,0
P40,1558062687000,1558062600000,0,-2,0,0,30,1,0
P40,1558065453000,1558065120000,0,-2,1,1,60,-1,0
P40,1558070916000,1558070700000,0,-1,1,0,60,-1,0
P40,1558073366000,1558073160000,0,-2,1,1,30,0,0
P40,1558076155000,1558075740000,0,-2,0,0,30,-1,0
P40,1558078711000,1558078680000,0,0,1,0,30,1,-1
P40,1558081777000,1558081740000,0,-1,0,1,30,-1,0
P40,1558084742000,1558084260000,0,-2,0,0,30,1,-1
P40,1558162713000,1558162620000,0,-2,0,2,60,0,-2
P40,1558165635000,1558165260000,0,-1,0,0,60,0,0
P40,1558168115000,1558168080000,0,-1,0,0,30,-1,0
P40,1558173388000,1558173360000,0,-1,1,2,30,0,-2
P40,1558234747000,1558234500000,1,0,1,0,30,-1,1
P40,1558237179000,1558237140000,0,-1,0,0,60,0,-1
P40,1558318058000,1558318020000,0,-1,0,1,30,1,-1
P40,1558401497000,1558401480000,0,-1,1,0,30,0,0
P40,1558404564000,1558404180000,0,0,1,1,30,1,0
P40,1558427117000,1558427100000,-1,1,0,1,60,1,0
P40,1558435640000,1558435320000,0,-1,0,1,30,1,-1
P40,1558437929000,1558437900000,0,-2,1,0,30,0,0
P40,1558494715000,1558494660000,0,-1,0,1,20,0,-1
P40,1558497441000,1558497420000,0,-1,1,0,30,0,0
P40,1558513411000,1558513380000,0,-1,0,0,30,0,0
P40,1558518514000,1558518300000,0,-2,-1,0,15,1,0
P40,1558520976000,1558520700000,0,-2,0,1,20,0,-1
P41,1557978256000,1557978120000,1,-2,-2,0,30,-3,-1
P41,1557984376000,1557984060000,-2,-1,-2,1,10,-1,-2
P41,1558005896000,1558005660000,1,-1,1,-1,5,-2,2
P41,1558008545000,1558008300000,2,3,3,-2,30,-3,2
P41,1558081845000,1558081500000,-2,-3,-3,2,60,-2,0
P41,1558145888000,1558145820000,2,-3,-1,1,5,-2,2
P41,1558170815000,1558170720000,1,1,2,1,30,2,0
P41,1558176111000,1558175820000,2,1,2,1,60,-1,1
P41,1558178926000,1558178700000,1,1,2,1,5,-2,-1
P41,1558181723000,1558181400000,-2,-2,1,3,20,1,-1
P41,1558254394000,1558254360000,2,3,2,1,30,2,0
P41,1558257025000,1558257000000,1,2,1,1,60,2,0
P41,1558260228000,1558259880000,-1,1,-1,1,60,0,0
P41,1558408245000,1558407840000,-1,-3,-3,1,20,0,0
P41,1558410910000,1558410660000,1,2,1,1,5,1,0
P41,1558413497000,1558413180000,-1,-2,1,1,15,0,0
P41,1558416260000,1558416120000,2,-2,-1,-1,10,-1,1
P41,1558418898000,1558418880000,1,-3,1,-1,20,0,0
P41,1558421476000,1558421280000,2,-3,-3,-1,10,0,0
P41,1558424302000,1558424220000,1,-3,-3,-2,60,0,0
P42,1557981345000,1557981300000,0,1,1,1,10,1,0
P42,1557984751000,1557984540000,3,3,3,-3,30,3,0
P42,1557987182000,1557986940000,2,0,3,-1,10,3,1
P42,1557989933000,1557989820000,3,-1,0,-2,15,-3,0
P42,1557992745000,1557992220000,1,1,3,1,30,-1,1
P42,1558003422000,1558003260000,0,-2,1,-1,60,3,-1
P42,1558005932000,1558005900000,2,1,2,-2,15,2,0
P42,1558009007000,1558008780000,2,2,3,1,30,3,0
P42,1558011894000,1558011300000,3,3,3,-3,30,3,0
P42,1558065324000,1558065300000,2,-1,2,0,20,2,1
P42,1558081791000,1558081620000,3,3,3,-3,20,3,-1
P42,1558086770000,1558086540000,3,3,3,1,30,3,-1
P42,1558092940000,1558092540000,3,3,3,-2,60,3,0
P42,1558095266000,1558095240000,0,-3,-1,-2,30,3,-1
P42,1558149087000,1558149060000,2,3,3,-1,30,3,-2
P42,1558151848000,1558151820000,2,3,3,1,20,3,-1
P42,1558154691000,1558154280000,3,1,3,-2,30,3,0
P42,1558170695000,1558170660000,-1,3,3,2,30,3,-1
P42,1558176260000,1558176240000,2,2,3,1,60,3,-1
P42,1558178741000,1558178700000,1,3,3,1,20,3,0
P42,1558181486000,1558181460000,3,2,2,2,30,3,-2
P42,1558246373000,1558246140000,0,0,3,1,30,3,0
P42,1558251567000,1558251180000,2,3,3,-1,30,3,0
P42,1558257647000,1558257060000,2,3,3,2,30,3,0
P42,1558262692000,1558262460000,3,2,3,2,60,3,0
P42,1558265519000,1558265340000,0,3,3,1,30,3,0
P42,1558316298000,1558315920000,1,1,3,1,30,3,0
P42,1558341334000,1558340880000,2,2,2,0,30,2,0
P42,1558343920000,1558343640000,1,2,3,1,30,3,0
P42,1558349513000,1558348920000,1,3,3,3,30,3,0
P42,1558351355000,1558351320000,-1,2,3,3,30,3,0
P42,1558353775000,1558353720000,-1,3,3,3,30,3,0
P42,1558357130000,1558356540000,2,3,3,0,30,1,0
P42,1558411357000,1558410900000,2,3,3,1,20,3,0
P42,1558413682000,1558413660000,-1,3,3,3,60,3,-1
P42,1558422009000,1558421760000,-1,3,3,3,20,-2,0
P42,1558433161000,1558432740000,0,0,3,2,20,-1,0
P42,1558435674000,1558435440000,0,1,1,1,15,3,1
P42,1558440566000,1558440540000,1,2,3,2,60,3,1
P42,1558489109000,1558489020000,1,3,3,3,60,3,1
P42,1558491561000,1558491420000,1,3,3,3,60,3,-1
P42,1558508180000,1558508100000,3,3,3,-3,30,1,1
P42,1558516421000,1558516200000,2,3,3,-2,60,2,0
P42,1558522076000,1558521780000,1,1,3,-1,30,3,0
P42,1558524558000,1558524360000,0,-3,-1,-2,30,3,1
P44,1557984686000,1557984540000,-1,1,1,2,10,0,0
P44,1557987141000,1557987120000,0,0,-2,0,15,0,0
P44,1557998451000,1557998040000,1,1,1,-1,20,0,0
P44,1558000850000,1558000740000,0,1,1,-1,20,0,0
P44,1558065533000,1558065180000,0,0,0,0,10,-3,-3
P44,1558076787000,1558076220000,0,1,1,1,15,-3,0
P44,1558081775000,1558081740000,1,2,2,-1,15,-3,0
P44,1558086640000,1558086540000,1,1,0,-2,20,-3,0
P44,1558089887000,1558089780000,-1,1,1,1,15,-3,0
P44,1558092392000,1558092360000,0,0,0,0,15,-3,0
P44,1558341333000,1558340820000,0,0,0,-1,15,2,-1
P44,1558405162000,1558405140000,0,0,-1,-1,20,-3,0
P44,1558418596000,1558418580000,0,-1,-2,0,10,-3,0
P44,1558421981000,1558421760000,0,0,0,0,15,0,-1
P44,1558424181000,1558424160000,0,0,0,0,10,2,-2
P44,1558429914000,1558429500000,0,0,0,0,15,-3,0
P44,1558513768000,1558513560000,-1,0,0,0,15,-3,0
P44,1558516406000,1558516380000,0,0,0,0,10,2,-2
P47,1557973801000,1557973500000,3,2,3,3,5,2,-1
P47,1557978774000,1557978720000,1,-2,1,2,10,-2,0
P47,1557984408000,1557984360000,1,-3,-3,1,60,1,0
P47,1557987091000,1557987060000,0,-3,-3,0,60,0,0
P47,1557992560000,1557992280000,2,2,2,2,30,2,0
P47,1558011394000,1558011360000,0,1,2,2,15,1,0
P47,1558057961000,1558057920000,0,-1,1,1,10,0,0
P47,1558065751000,1558065540000,1,-1,1,1,15,0,0
P47,1558068170000,1558067940000,-1,-2,2,2,20,2,0
P47,1558073488000,1558073460000,0,-2,0,1,10,1,0
P47,1558081597000,1558081560000,1,2,2,1,15,3,-1
P47,1558086692000,1558086660000,3,1,-1,2,5,2,0
P47,1558094776000,1558094700000,2,-2,-2,2,10,1,0
P47,1558097141000,1558097100000,1,-3,2,3,5,1,0
P47,1558146204000,1558146180000,0,-2,-3,0,10,2,0
P47,1558152162000,1558151820000,2,-2,2,-2,15,1,0
P47,1558154555000,1558154520000,1,-2,-1,2,5,-2,0
P47,1558167863000,1558167840000,2,-2,0,-2,10,0,0
P47,1558170813000,1558170780000,1,-2,-2,-1,30,0,0
P47,1558173495000,1558173420000,-1,-1,1,3,15,3,-2
P47,1558232779000,1558232700000,3,-2,2,-3,5,0,0
P47,1558235267000,1558235220000,3,-1,-2,-3,10,0,0
P47,1558240960000,1558240800000,0,-3,-1,-1,20,2,0
P47,1558260217000,1558259880000,2,-2,-2,-2,30,0,0
P47,1558265062000,1558265040000,-2,-2,-1,2,10,0,0
P47,1558271066000,1558270740000,-1,1,-1,3,10,1,0
P47,1558323446000,1558323360000,2,-2,-1,1,10,1,0
P47,1558338105000,1558338060000,1,0,-1,-2,5,2,0
P47,1558343649000,1558343460000,0,-1,-1,1,10,0,0
P47,1558346281000,1558346100000,0,-1,-1,1,10,0,0
P47,1558349485000,1558349040000,2,2,2,-1,15,0,0
P47,1558351949000,1558351680000,-1,-2,0,2,15,0,0
P47,1558354156000,1558354140000,0,-1,-1,2,15,1,0
P47,1558405610000,1558405560000,2,0,-2,-2,20,2,0
P47,1558408161000,1558408140000,1,-2,-1,-2,15,0,0
P47,1558411367000,1558410840000,1,-1,-1,-1,10,0,0
P47,1558424260000,1558424160000,-2,0,2,2,10,0,0
P47,1558427245000,1558427160000,-1,1,3,2,10,2,0
P47,1558435774000,1558435380000,0,-1,2,0,5,2,0
P47,1558441337000,1558440840000,-2,-1,3,2,10,1,0
P47,1558513188000,1558513140000,2,-1,2,-2,20,0,0
P47,1558526862000,1558526580000,1,0,-2,-1,15,2,0
P48,1557970423000,1557970320000,2,1,0,-1,20,-1,0
P48,1557984350000,1557984180000,1,-1,-1,-1,15,-1,0
P48,1557992373000,1557992340000,1,1,0,-1,15,-1,0
P48,1557998255000,1557997860000,2,2,0,-2,15,-2,1
P48,1558003167000,1558002780000,2,2,1,-2,15,-2,0
P48,1558059026000,1558059000000,-1,-1,0,1,10,-1,-1
P48,1558061732000,1558061700000,-2,-2,-2,3,30,1,-2
P48,1558065743000,1558065180000,-2,-1,-2,2,30,-2,-3
P48,1558159643000,1558159620000,-1,-2,-2,0,5,-1,0
P48,1558170808000,1558170780000,3,2,-2,-2,20,-1,2
P48,1558241219000,1558240740000,2,0,0,-1,20,-1,0
P48,1558246454000,1558246440000,2,-2,0,-2,20,-3,1
P48,1558262318000,1558262280000,0,0,-3,-2,10,0,0
P48,1558265071000,1558264980000,2,1,0,0,10,1,-1
P48,1558268025000,1558267740000,0,-2,-2,-2,10,1,-1
P48,1558270743000,1558270620000,1,-2,-3,-1,5,2,-1
P48,1558340806000,1558340520000,1,-2,0,1,15,0,0
P48,1558343782000,1558343520000,2,2,2,-3,10,0,0
P48,1558346634000,1558346280000,0,0,3,-2,10,0,0
P48,1558404263000,1558404240000,-1,0,0,3,5,1,-1
P48,1558407381000,1558407360000,0,-2,-2,1,15,1,-2
P48,1558410070000,1558409940000,0,-2,0,1,10,1,-2
P48,1558416829000,1558416540000,-2,0,0,-1,10,2,-1
P48,1558419264000,1558419240000,-1,1,3,2,30,2,-2
P48,1558422534000,1558421940000,-2,-1,2,2,60,2,-2
P48,1558432999000,1558432440000,-1,-2,-2,1,5,2,-1
P48,1558435686000,1558435440000,-2,1,3,2,10,2,-2
P48,1558441178000,1558440720000,-2,0,2,2,10,2,-2
P48,1558443374000,1558443360000,-1,-2,2,2,10,2,-2
P48,1558498101000,1558497540000,1,-1,1,1,10,2,-1
P48,1558500570000,1558500180000,-2,2,2,2,20,2,-3
P48,1558503362000,1558502820000,-2,3,2,2,20,2,-3
P48,1558508495000,1558508220000,-2,2,3,3,15,3,-3
P49,1557989615000,1557989400000,2,-2,-2,-2,30,0,0
P49,1557992285000,1557991860000,2,2,2,-2,5,-2,1
P49,1557994468000,1557994320000,1,0,-2,-1,10,-2,0
P49,1557997165000,1557997080000,2,2,2,-2,10,1,1
P49,1558001021000,1558000740000,2,2,2,1,10,-2,1
P49,1558062557000,1558062480000,1,-1,1,-1,10,-2,1
P49,1558065197000,1558065180000,1,1,2,1,5,1,-1
P49,1558067684000,1558067640000,2,0,-1,-1,5,1,-1
P49,1558070716000,1558070700000,2,-1,-2,-1,15,-3,1
P49,1558073676000,1558073640000,1,-1,-2,1,20,-2,-1
P49,1558076252000,1558076220000,2,2,1,-2,5,-2,1
P49,1558087010000,1558086900000,2,-2,2,-1,10,-2,2
P49,1558089926000,1558089840000,2,2,-3,1,10,1,1
P49,1558092439000,1558092420000,0,-2,-2,1,20,1,-1
P49,1558094870000,1558094820000,0,1,-1,-2,10,-2,-1
P49,1558149138000,1558149120000,2,-2,-2,-2,10,-2,2
P49,1558152193000,1558151880000,-1,-2,-2,-2,5,-2,-1
P49,1558154648000,1558154400000,2,3,2,-2,10,-3,2
P49,1558157390000,1558157280000,2,2,-1,-3,10,-2,1
P49,1558162711000,1558162620000,2,2,2,-2,15,-2,-1
P49,1558165703000,1558165440000,0,-2,-2,-1,10,-2,-1
P49,1558170373000,1558170300000,-1,-2,2,1,10,-2,-1
P49,1558173499000,1558173480000,2,2,2,-1,10,-2,1
P49,1558176424000,1558176000000,2,-2,1,-2,10,-2,1
P49,1558178776000,1558178760000,-1,-3,-3,-2,5,-2,-1
P49,1558181356000,1558181340000,-2,-3,2,1,5,-2,-2
P49,1558234336000,1558234320000,1,-2,2,1,5,2,-1
P49,1558237436000,1558237260000,2,1,-2,-1,5,1,2
P49,1558241036000,1558240980000,2,2,2,-2,10,1,1
P49,1558243536000,1558243500000,2,2,2,-2,15,2,2
P49,1558249419000,1558248960000,-1,-2,-2,1,10,2,2
P49,1558257266000,1558257240000,2,-2,-2,-2,15,2,-1
P49,1558259735000,1558259640000,2,2,1,1,15,-2,2
P49,1558318102000,1558318080000,-1,-3,-3,1,10,-2,-2
P49,1558324578000,1558324560000,1,-2,1,-1,5,-1,2
P49,1558327096000,1558327080000,2,-2,-2,-2,10,0,2
P49,1558329529000,1558329480000,0,-1,1,-2,5,-1,-1
P49,1558332013000,1558332000000,0,-2,-3,-2,15,2,2
P49,1558337960000,1558337940000,2,1,3,-2,20,1,1
P49,1558407783000,1558407720000,2,2,2,-1,5,-1,1
P49,1558411013000,1558410960000,2,2,1,-1,20,-2,0
P49,1558419063000,1558418940000,2,-2,-2,-2,10,1,1
P49,1558424902000,1558424400000,-2,-2,-2,2,10,2,-2
P49,1558427732000,1558427160000,2,3,2,0,10,2,1
P49,1558430195000,1558429800000,1,-2,-3,-1,15,-2,2
P49,1558432643000,1558432320000,1,3,2,-1,15,-1,1
P49,1558435457000,1558435440000,1,2,-1,-2,10,-2,2
P49,1558438068000,1558438020000,0,-2,0,-1,10,1,-1
P49,1558440960000,1558440720000,-1,-2,-3,-2,15,-2,-2
P49,1558488080000,1558488060000,0,-1,-2,1,10,-3,0
P49,1558490536000,1558490520000,0,-2,-3,-2,15,-2,1
P49,1558503064000,1558502940000,1,-1,-2,1,20,2,1
P49,1558505360000,1558505340000,0,0,-1,-1,20,2,1
P49,1558507835000,1558507800000,1,-2,0,1,5,-1,1
P49,1558510575000,1558510560000,2,1,3,-2,20,1,0
P49,1558516383000,1558516320000,1,-2,0,-2,10,1,2
P49,1558519471000,1558518960000,2,2,2,-1,20,-2,1
P49,1558521978000,1558521660000,1,2,1,-2,15,1,1
P49,1558524498000,1558524120000,0,-2,1,-1,10,-2,1
P49,1558526733000,1558526700000,1,-2,3,0,10,-2,2
P50,1557974022000,1557973560000,1,-1,2,1,10,-2,2
P50,1557995303000,1557995220000,2,2,1,-2,10,-2,1
P50,1558000717000,1558000620000,1,2,0,-2,15,-3,0
P50,1558005825000,1558005600000,0,-2,-1,-2,30,-1,0
P50,1558065525000,1558065360000,2,-1,-1,1,5,-2,-1
P50,1558071301000,1558070760000,2,1,3,1,20,-2,0
P50,1558081590000,1558081320000,1,2,2,-2,20,-2,1
P50,1558149364000,1558149240000,2,1,2,-2,10,-2,0
P50,1558157428000,1558157220000,2,-1,0,-2,5,-2,1
P50,1558160126000,1558159620000,2,1,2,-2,10,-2,0
P50,1558162442000,1558162380000,1,-2,-1,-2,10,-2,0
P50,1558181661000,1558181400000,1,0,1,-1,10,-2,0
P50,1558252098000,1558251540000,2,2,2,1,10,-2,0
P50,1558262654000,1558262280000,2,-1,0,-2,5,-2,-1
P50,1558265181000,1558264800000,-1,-2,-1,1,10,-3,-1
P50,1558267620000,1558267440000,1,-1,-1,-2,5,-1,-1
P50,1558330382000,1558329960000,1,-1,2,-1,10,-2,0
P50,1558335829000,1558335240000,1,-1,2,-2,30,-1,1
P50,1558338405000,1558338000000,1,-1,2,-2,15,-2,1
P50,1558411199000,1558410960000,1,1,-2,-1,5,-2,1
P50,1558413835000,1558413660000,0,-2,1,-2,20,-2,1
P50,1558416094000,1558416060000,-1,-2,-1,-1,10,-2,0
P50,1558419324000,1558419120000,1,-2,1,-2,10,-2,-1
P50,1558421968000,1558421820000,1,-2,2,1,10,-2,0
P50,1558427501000,1558427220000,2,1,-2,-2,10,-2,0
P50,1558432989000,1558432620000,0,0,0,-2,5,-2,0
P50,1558497115000,1558497060000,1,-1,-1,-1,10,-2,0
P50,1558499687000,1558499640000,1,2,-1,-1,10,-2,1
P50,1558503025000,1558502760000,2,-2,1,-1,10,2,1
P50,1558524607000,1558524480000,0,-1,-2,-2,10,0,0
P50,1558527280000,1558527000000,1,-2,-1,0,10,-2,0
P50,1558529733000,1558529700000,1,-1,0,2,15,-2,0
P51,1558054886000,1558054860000,-1,-1,0,1,30,1,-1
P51,1558059783000,1558059600000,0,-2,1,1,60,1,0
P51,1558062219000,1558062180000,-1,-1,2,3,20,1,-1
P51,1558076128000,1558076100000,-1,-2,0,2,30,-3,0
P51,1558079012000,1558078980000,-1,-1,2,1,20,1,-1
P51,1558084410000,1558084380000,1,-1,2,1,10,1,-1
P51,1558089821000,1558089780000,1,1,1,1,15,1,1
P51,1558092341000,1558092300000,1,1,2,1,60,1,-1
P51,1558095108000,1558095060000,-1,-2,2,2,30,-2,0
P51,1558151498000,1558151460000,1,-1,1,1,10,1,0
P51,1558157260000,1558157220000,0,-1,-1,1,60,1,1
P51,1558159953000,1558159920000,-1,-2,-1,1,30,1,1
P51,1558162433000,1558162380000,-1,-2,-2,2,60,0,-1
P51,1558165466000,1558165440000,-2,-2,-2,2,30,1,-1
P51,1558170585000,1558170480000,0,1,1,1,10,1,-1
P51,1558173166000,1558173120000,1,1,2,1,20,1,-1
P51,1558178897000,1558178820000,0,-2,1,0,10,1,0
P51,1558241525000,1558241040000,1,1,1,0,15,-3,0
P51,1558243608000,1558243560000,1,1,-1,1,30,-1,-1
P51,1558246242000,1558246200000,-2,-3,1,2,20,1,-1
P51,1558248990000,1558248900000,1,1,1,2,20,-2,1
P51,1558254210000,1558254180000,0,0,2,2,20,1,0
P51,1558256721000,1558256640000,1,2,1,0,10,-3,0
P51,1558259967000,1558259940000,1,1,2,-1,30,1,1
P51,1558265210000,1558265160000,0,-3,2,1,30,1,0
P51,1558267712000,1558267680000,-2,-1,-1,2,30,1,-1
P51,1558270526000,1558270380000,-1,-2,2,1,30,-3,0
P51,1558319668000,1558319100000,1,-1,1,-1,20,-1,0
P51,1558321767000,1558321740000,0,-2,2,0,15,2,-1
P51,1558330168000,1558330140000,0,-2,1,0,5,-3,0
P51,1558335391000,1558335360000,0,-3,-1,1,5,-3,0
P51,1558338314000,1558338240000,-2,-3,-3,3,10,-3,-1
P51,1558416382000,1558416300000,0,1,1,1,10,-3,0
P51,1558418847000,1558418820000,1,-1,2,-1,30,2,-1
P51,1558421354000,1558421220000,1,0,2,1,5,-3,0
P51,1558424326000,1558423920000,1,-1,3,0,20,2,0
P51,1558427157000,1558427100000,1,0,2,1,15,-3,0
P51,1558430259000,1558429740000,2,1,2,0,15,1,0
P51,1558440771000,1558440720000,1,2,2,-1,60,-3,0
P51,1558443908000,1558443540000,2,2,3,-1,30,1,-1
P51,1558488328000,1558488300000,0,-3,-2,0,10,-3,0
P51,1558493502000,1558493340000,1,-2,1,-1,60,-3,0
P51,1558497264000,1558497240000,1,-3,2,0,10,1,-1
P51,1558505320000,1558505220000,1,0,-1,1,5,0,1
P51,1558508121000,1558508100000,0,-2,-2,0,20,0,0
P51,1558516120000,1558516080000,1,1,1,1,10,1,0
P51,1558518955000,1558518840000,1,1,-1,1,5,1,-1
P51,1558521442000,1558521420000,0,1,-1,1,20,1,-1
P51,1558527246000,1558527180000,1,1,2,-1,15,2,-1
P51,1558529913000,1558529880000,1,1,2,-1,60,-3,0
P52,1557970119000,1557970020000,1,0,0,-2,10,-3,0
P52,1557972838000,1557972780000,0,0,-1,0,15,0,0
P52,1557978825000,1557978720000,-1,0,-1,1,30,0,0
P52,1558070914000,1558070880000,1,1,0,0,10,-3,0
P52,1558073315000,1558073280000,1,1,1,-1,5,-3,0
P52,1558084449000,1558084380000,1,-2,-1,-1,10,-3,-1
P52,1558095612000,1558095180000,1,0,1,-3,15,2,0
P52,1558147935000,1558147860000,1,0,0,-1,60,-3,1
P52,1558157456000,1558156860000,1,1,1,-2,30,-3,0
P52,1558176093000,1558175940000,1,1,1,-3,10,-3,0
P52,1558238078000,1558238040000,2,1,1,-3,10,-3,1
P52,1558246253000,1558246140000,1,0,0,-2,20,-3,0
P52,1558257160000,1558257060000,0,0,0,0,15,-3,1
P52,1558321456000,1558321380000,-1,1,1,1,15,-3,0
P52,1558327709000,1558327380000,0,0,0,0,30,-3,-1
P52,1558330505000,1558330020000,0,1,1,-2,10,-3,0
P52,1558337856000,1558337760000,1,1,1,-2,10,-3,1
P52,1558407563000,1558407480000,1,1,1,1,15,-1,-1
P52,1558410213000,1558410180000,1,1,1,-1,20,-3,0
P52,1558413518000,1558413480000,1,1,1,-2,30,-3,1
P52,1558416413000,1558416060000,0,0,0,-1,15,-3,1
P52,1558494607000,1558494540000,1,1,1,-1,20,-3,0
P52,1558497687000,1558497120000,1,1,1,-3,10,-3,0
P52,1558499893000,1558499700000,0,0,0,-1,20,-3,0
P53,1557977848000,1557977820000,-2,-3,3,2,30,3,0
P53,1557981502000,1557981480000,1,2,-2,-1,5,1,0
P53,1558058776000,1558058700000,-1,-3,2,2,5,3,-1
P53,1558062316000,1558062240000,-3,1,2,3,5,3,-1
P53,1558065410000,1558065120000,-2,-3,-1,1,10,2,0
P53,1558067547000,1558067520000,-1,-3,2,-1,10,3,-1
P53,1558070209000,1558069980000,0,-2,-3,1,10,1,0
P53,1558073305000,1558073280000,1,-2,-1,-2,5,2,-1
P53,1558076624000,1558076340000,-1,-3,-2,-2,30,1,-1
P53,1558151913000,1558151880000,1,-2,-1,-2,15,1,0
P53,1558154885000,1558154580000,2,2,0,-3,10,3,1
P53,1558157205000,1558156980000,3,1,1,-3,5,3,0
P53,1558167915000,1558167780000,3,-1,2,-3,#N/A,1,1
P53,1558173123000,1558172820000,1,-2,-1,-1,15,3,0
P53,1558180774000,1558180740000,1,-1,0,-1,10,1,0
P53,1558184325000,1558184280000,2,3,3,1,15,3,-2
P53,1558240692000,1558240560000,1,-2,1,-2,5,2,0
P53,1558243920000,1558243680000,1,-2,-2,-2,30,0,0
P53,1558246426000,1558246260000,2,2,0,-2,10,2,1
P53,1558249120000,1558249080000,1,-1,2,-1,15,3,0
P53,1558251701000,1558251660000,2,-1,3,-2,30,-2,0
P53,1558254464000,1558254120000,3,2,3,1,30,-1,2
P53,1558256725000,1558256700000,2,-2,-1,-1,15,1,0
P53,1558265528000,1558265340000,2,-2,3,1,15,3,1
P53,1558267800000,1558267740000,2,3,3,2,10,3,-3
P53,1558315237000,1558315200000,1,-2,-3,2,5,1,-1
P53,1558318475000,1558318380000,2,1,-2,-1,10,1,0
P53,1558320986000,1558320900000,1,-2,2,2,5,2,-1
P53,1558324353000,1558324320000,2,0,3,1,15,3,-1
P53,1558327182000,1558327140000,2,-1,1,-2,10,1,0
P53,1558329612000,1558329540000,2,-1,-2,1,15,2,0
P53,1558332397000,1558332300000,2,1,3,-2,15,2,1
P53,1558335230000,1558335180000,1,-1,2,1,5,3,0
P53,1558341344000,1558340760000,2,-1,3,2,10,3,1
P53,1558343209000,1558343160000,2,-1,-2,-1,10,-1,2
P53,1558430290000,1558429860000,3,-1,3,-1,10,3,-1
P53,1558432640000,1558432560000,2,-2,-1,2,30,2,0
P53,1558435393000,1558435080000,1,2,3,1,5,3,1
P53,1558440800000,1558440780000,3,2,3,-3,10,3,1
P53,1558443382000,1558443360000,1,-2,2,-2,30,3,1
P55,1556595998000,1556595720000,0,-3,0,-2,30,-3,0
P55,1556598840000,1556598780000,2,1,-1,2,60,-3,0
P55,1556601824000,1556601780000,1,1,-1,-3,30,-3,0
P55,1556604635000,1556604600000,2,1,-1,-3,30,-3,0
P55,1556673683000,1556673480000,0,-3,0,-3,10,-3,0
P55,1556766886000,1556766840000,0,0,-2,0,20,-3,0
P55,1556769656000,1556769360000,0,0,0,0,60,0,0
P55,1556772047000,1556771880000,0,-1,-3,1,60,0,0
P55,1556780333000,1556780280000,0,0,-1,-2,30,-3,0
P55,1556785613000,1556785380000,2,2,0,-3,20,-3,0
P55,1556788424000,1556788200000,0,-3,0,0,30,-3,0
P55,1556790744000,1556790600000,2,2,0,-3,30,1,0
P55,1556798848000,1556798820000,0,-1,-1,-1,30,-3,0
P55,1556802057000,1556801820000,0,1,1,-3,20,-3,0
P55,1556855878000,1556855760000,1,-1,0,-3,60,-3,0
P55,1556861173000,1556860980000,0,2,1,-2,30,-3,0
P55,1556863609000,1556863500000,0,-1,0,-1,30,-3,0
P55,1556871796000,1556871780000,0,-3,-1,-3,30,-3,0
P55,1556877559000,1556877540000,0,-3,2,-3,20,-3,0
P55,1556879962000,1556879940000,0,-1,-1,-3,60,-3,0
P55,1556938038000,1556937780000,0,1,1,2,60,-3,0
P55,1556950550000,1556950260000,1,1,1,-2,60,3,0
P55,1556952889000,1556952780000,1,2,0,0,30,3,-1
P55,1556955701000,1556955600000,1,-1,1,-3,60,1,0
P55,1556958022000,1556958000000,2,2,2,-1,30,3,0
P55,1556974861000,1556974680000,1,2,1,-2,60,0,0
P55,1557036382000,1557036360000,0,-2,-2,0,60,2,-2
P55,1557058291000,1557058260000,0,-3,-1,-2,15,-3,0
P55,1557061007000,1557060960000,1,1,1,-2,30,-3,0
P55,1557128726000,1557128520000,0,-1,0,-1,60,-3,0
P55,1557131459000,1557131160000,0,0,0,0,30,-3,0
P55,1557139219000,1557139200000,0,0,-2,1,30,-3,0
P55,1557142256000,1557142140000,0,-1,-1,-1,20,-3,0
P55,1557147259000,1557147240000,0,-3,0,2,30,-3,0
P56,1556626277000,1556626260000,2,0,2,-2,30,-2,0
P56,1556673333000,1556673300000,0,-1,-1,1,10,1,-1
P56,1556676472000,1556676360000,1,-2,1,-1,10,-2,0
P56,1556774912000,1556774820000,-1,-2,1,2,20,-1,-1
P56,1556783100000,1556782980000,1,1,1,-1,10,-2,1
P56,1556788393000,1556788260000,1,-2,1,-2,15,1,0
P56,1556858730000,1556858460000,1,-2,2,-1,15,2,-1
P56,1556874368000,1556874120000,1,1,-1,-2,10,-2,1
P56,1556879943000,1556879700000,1,1,-2,-2,15,1,1
P56,1556947195000,1556947080000,1,-2,1,-1,10,-2,0
P56,1556952433000,1556952420000,1,-2,1,-2,20,-2,1
P56,1556955013000,1556955000000,1,-2,2,-2,15,-2,1
P56,1556957849000,1556957760000,1,-2,-1,-3,20,-2,1
P56,1556960935000,1556960880000,2,-2,1,-2,15,1,1
P56,1556963713000,1556963700000,2,2,2,-3,20,2,2
P56,1556969575000,1556969280000,2,-2,2,-1,10,1,1
P56,1557053257000,1557052980000,2,-2,-2,-1,10,-2,0
P56,1557055682000,1557055620000,2,2,0,-3,15,1,1
P56,1557058456000,1557058440000,2,-2,1,-2,20,-1,0
P56,1557061092000,1557061080000,2,-2,2,-2,20,-1,0
P57,1556628798000,1556628780000,0,-3,-3,-3,60,-3,0
P57,1556674286000,1556674260000,-1,-2,-3,0,60,-2,0
P57,1556676949000,1556676660000,1,-1,-2,-2,30,-2,0
P57,1556682716000,1556682480000,0,-3,-3,-1,30,-2,0
P57,1556685397000,1556685240000,-1,-1,-2,-2,30,-1,0
P57,1556687781000,1556687760000,1,-1,-1,-1,10,-1,1
P57,1556690793000,1556690760000,1,0,1,-2,30,-2,1
P57,1556696716000,1556696520000,1,-2,-2,-2,15,-3,2
P57,1556699151000,1556699100000,2,2,2,-2,20,-3,2
P57,1556701944000,1556701920000,2,-2,0,-3,20,-3,1
P57,1556704349000,1556704320000,2,-3,-3,-3,20,0,0
P57,1556782895000,1556782740000,1,1,-2,-2,30,-2,1
P57,1556801806000,1556801700000,0,-2,2,-2,20,-1,2
P57,1556872167000,1556871960000,2,-1,2,-2,30,-2,1
P57,1556874603000,1556874420000,2,-2,1,2,30,-3,1
P57,1556882833000,1556882700000,1,-2,-2,-3,30,-3,0
P57,1556888491000,1556888220000,0,0,-3,-3,30,-3,1
P57,1556944971000,1556944920000,2,-1,1,-3,30,-2,2
P57,1556950727000,1556950440000,1,-2,2,-3,60,-1,1
P57,1556953179000,1556953080000,2,2,1,-3,30,-3,1
P57,1556958322000,1556958300000,1,-2,-2,-2,5,-2,1
P57,1556960725000,1556960700000,2,-2,0,-2,20,-3,1
P57,1556966177000,1556966160000,2,0,-2,-2,15,-3,0
P57,1556972016000,1556971800000,0,-3,-3,-1,10,-2,1
P57,1556974647000,1556974560000,1,-2,0,-3,30,-2,0
P57,1557022033000,1557021960000,2,1,1,-3,20,-2,1
P57,1557027578000,1557027480000,2,1,1,-3,15,-3,2
P57,1557030479000,1557030420000,2,0,1,-3,30,-3,0
P57,1557041970000,1557041940000,1,0,-2,-2,20,-2,1
P57,1557044687000,1557044640000,2,1,1,-3,20,-3,2
P57,1557047657000,1557047640000,2,1,1,-2,20,-1,0
P57,1557057976000,1557057960000,1,0,0,-2,20,-2,2
P57,1557131393000,1557131160000,1,2,2,-3,15,-3,1
P57,1557136291000,1557136260000,2,1,1,-3,15,-2,2
P57,1557139361000,1557139200000,2,-2,2,-3,60,-3,2
P57,1557144840000,1557144600000,2,-2,1,-3,20,-3,2
P58,1556594257000,1556594040000,3,1,3,-3,15,1,0
P58,1556601932000,1556601900000,-3,-3,-3,3,10,1,-3
P58,1556861332000,1556861220000,3,-1,1,0,20,1,1
P58,1556871873000,1556871600000,1,-3,-2,-1,60,1,0
P58,1556874111000,1556874060000,1,-3,-1,-1,20,1,0
P58,1556947248000,1556947200000,1,-3,-2,-1,30,1,0
P58,1556955599000,1556955480000,0,-1,-3,-1,20,0,0
P58,1556966403000,1556966280000,1,2,1,0,20,0,-1
P58,1557025263000,1557025080000,0,-3,-3,0,20,0,1
P58,1557028716000,1557028680000,0,-1,-2,1,30,0,0
P58,1557111758000,1557111720000,-3,-3,-1,3,60,1,0
P58,1557117735000,1557117660000,2,1,1,0,20,0,0
P58,1557125378000,1557125340000,2,3,1,-1,30,-1,0
P58,1557128024000,1557127980000,-1,-3,-1,1,15,1,0
P60,1556626351000,1556626320000,0,-2,-2,2,5,0,0
P60,1556675021000,1556674740000,-1,1,2,1,5,0,0
P60,1556677524000,1556677500000,-1,-2,-2,1,5,0,0
P60,1556680395000,1556680320000,2,0,1,-3,15,0,0
P60,1556683147000,1556683080000,2,0,-2,-2,15,1,0
P60,1556688161000,1556688120000,-2,3,2,1,20,0,0
P60,1556693392000,1556693220000,0,2,2,1,15,2,0
P60,1556696366000,1556696100000,-1,2,2,2,20,1,0
P60,1556699385000,1556699160000,1,3,2,2,20,1,0
P60,1556702059000,1556701920000,2,-2,1,-2,20,1,-1
P60,1556852421000,1556852400000,1,1,-2,0,10,1,0
P60,1556854827000,1556854800000,0,-1,-1,-2,5,-1,0
P60,1556857489000,1556857440000,-1,0,1,-2,10,-2,0
P60,1556863253000,1556863200000,1,-2,2,-2,20,0,-1
P60,1556869698000,1556869440000,-1,-2,-1,0,15,-2,0
P60,1556871934000,1556871900000,-2,1,1,1,10,-2,0
P60,1556874612000,1556874540000,-1,-2,-1,-1,10,-2,0
P60,1556933189000,1556933160000,2,-3,2,-2,30,1,0
P60,1556935880000,1556935860000,1,-3,-1,-1,30,-2,0
P60,1556938906000,1556938860000,1,-1,2,-1,20,-2,0
P60,1556941668000,1556941620000,0,-2,-2,0,15,-1,0
P60,1556944813000,1556944620000,1,-2,1,0,15,-2,0
P60,1556947581000,1556947560000,1,-2,1,-1,20,0,0
P60,1556960332000,1556960280000,-1,-2,-2,0,10,-1,0
P61,1556588555000,1556588460000,1,-2,1,1,10,2,0
P61,1556591124000,1556590860000,1,-2,1,1,60,2,0
P61,1556593803000,1556593620000,3,1,2,-2,10,1,1
P61,1556599056000,1556599020000,3,-1,2,-2,15,-2,0
P61,1556602188000,1556602140000,1,-2,2,-3,15,-2,0
P61,1556604767000,1556604720000,2,1,-1,-2,10,-2,0
P61,1556610011000,1556609940000,0,-1,2,1,10,1,0
P61,1556617895000,1556617860000,2,2,3,-2,15,-2,1
P61,1556620799000,1556620500000,2,1,1,-2,10,1,0
P61,1556623474000,1556623320000,-1,-2,-1,1,10,-1,0
P61,1556626239000,1556626200000,-1,1,0,1,10,-1,0
P61,1556677462000,1556677440000,-1,-1,-2,2,10,-1,0
P61,1556680426000,1556680380000,2,1,2,-1,15,-2,0
P61,1556694006000,1556693820000,2,1,2,-1,15,-2,0
P61,1556696336000,1556696220000,1,2,2,-1,15,-2,0
P61,1556698862000,1556698740000,1,-1,2,-2,10,1,0
P61,1556704199000,1556703900000,3,1,2,-3,15,-2,0
P61,1556710200000,1556709960000,2,-2,2,-1,10,2,0
P61,1556712896000,1556712600000,2,-2,2,-1,20,2,0
P63,1556610157000,1556610120000,2,2,2,-2,30,-2,0
P63,1556612669000,1556612640000,2,1,2,-2,15,-3,1
P63,1556626371000,1556626320000,-2,-2,2,2,60,-2,0
P63,1556684901000,1556684880000,-2,-2,-3,1,30,1,-2
P63,1556688444000,1556688420000,1,0,-3,1,20,1,0
P63,1556690868000,1556690820000,-1,-1,-1,1,60,1,-2
P63,1556709485000,1556709420000,-3,0,-1,3,30,0,0
P63,1556712042000,1556711820000,-2,-2,-2,1,30,0,-2
P63,1556772119000,1556772000000,2,2,2,-2,20,-3,0
P63,1556785513000,1556785500000,-1,-1,0,0,20,0,0
P63,1556866820000,1556866740000,0,1,-2,0,30,-2,0
P63,1556877619000,1556877360000,1,1,1,-2,30,0,0
P63,1556966534000,1556966520000,0,-1,0,-1,30,-1,0
P63,1556969221000,1556969160000,2,-1,2,0,60,2,0
P63,1557020535000,1557020520000,2,2,-1,-2,60,0,0
P63,1557023540000,1557023340000,2,2,2,1,30,1,0
P63,1557031098000,1557031080000,2,2,-2,0,60,-1,-1
P63,1557036132000,1557036120000,0,1,0,0,20,2,-1
P63,1557055541000,1557055500000,2,1,-1,-1,30,0,0
P63,1557060372000,1557060360000,-1,-1,0,2,20,-2,-1
P64,1556609973000,1556609940000,1,0,1,0,10,1,0
P64,1556612576000,1556612520000,-2,-1,0,2,10,0,-1
P64,1556673818000,1556673600000,0,-1,2,1,15,2,0
P64,1556676880000,1556676720000,1,1,2,1,15,0,0
P64,1556683207000,1556683140000,2,2,2,-2,30,-2,2
P64,1556685746000,1556685720000,1,0,1,-2,20,0,0
P64,1556688455000,1556688180000,0,0,2,1,20,0,-1
P64,1556693837000,1556693820000,-1,1,1,1,20,0,0
P64,1556696477000,1556696460000,0,-1,2,2,20,2,0
P64,1556850081000,1556850060000,0,-1,2,0,20,2,0
P64,1556877213000,1556876940000,2,1,0,-2,30,-1,0
P64,1556958380000,1556958360000,0,-2,2,-1,30,0,0
P64,1556968987000,1556968800000,2,2,2,-2,30,-2,2
P64,1556971532000,1556971500000,0,-1,-1,-1,15,-1,0
P64,1556974903000,1556974740000,-1,1,1,1,20,0,0
P64,1557022159000,1557022140000,0,-1,1,0,20,-2,0
P64,1557025165000,1557025140000,1,1,0,-1,20,0,0
P64,1557027745000,1557027720000,1,2,1,-1,30,0,0
P64,1557030558000,1557030540000,2,2,1,-2,30,0,1
P64,1557036141000,1557036000000,2,2,1,-2,30,0,0
P64,1557106274000,1557106260000,0,-2,2,1,30,0,0
P64,1557112281000,1557112260000,0,2,1,1,20,0,0
P64,1557115185000,1557115020000,0,-1,1,0,20,0,0
P64,1557123019000,1557122760000,0,-1,2,1,30,0,0
P64,1557128721000,1557128460000,0,0,0,0,15,0,0
P64,1557139100000,1557139080000,0,-1,-1,0,20,0,0
P64,1557141827000,1557141660000,0,-2,0,-1,30,0,0
P64,1557144494000,1557144480000,0,-2,-1,0,20,0,0
P66,1556592969000,1556592840000,1,0,0,-1,10,-1,1
P66,1556596065000,1556595780000,1,-1,1,1,5,-1,-2
P66,1556601531000,1556601300000,-2,-3,-2,-2,20,-2,-1
P66,1556607330000,1556607180000,-3,-3,-3,-1,60,-2,-2
P66,1556673337000,1556673240000,-2,1,1,1,15,2,-1
P66,1556677061000,1556677020000,2,1,1,-1,10,-1,2
P66,1556688218000,1556688180000,1,1,1,-1,10,-1,0
P66,1556696421000,1556696400000,1,0,1,2,10,0,1
P66,1556698935000,1556698800000,1,0,2,-2,10,-1,1
P66,1556702315000,1556702040000,1,1,1,-1,15,-1,-1
P66,1556704808000,1556704740000,1,-1,1,0,10,0,0
P66,1556712853000,1556712780000,2,2,1,-2,15,2,-1
P66,1556715419000,1556715360000,0,-1,0,0,10,-1,-1
P66,1556769560000,1556769360000,1,0,0,0,15,-1,0
P66,1556774749000,1556774640000,1,-1,-1,1,15,-1,0
P66,1556777375000,1556777280000,1,-1,0,0,15,-1,-1
P66,1556788070000,1556788020000,1,1,1,-1,10,-1,-1
P66,1556790691000,1556790660000,-1,1,-1,1,10,-1,-1
P66,1556801464000,1556801280000,2,2,2,-2,15,-1,1
P66,1556845643000,1556845380000,0,1,0,1,10,0,0
P66,1556849614000,1556849340000,-1,2,2,2,10,0,0
P66,1556853268000,1556853180000,-1,1,-1,1,10,-1,0
P66,1556855850000,1556855640000,0,0,-1,2,15,-1,0
P66,1556866332000,1556866260000,-1,0,-1,2,20,-2,-2
P66,1556871845000,1556871780000,-2,-1,-2,2,15,-1,-1
P66,1556874425000,1556874180000,1,1,0,-1,10,0,0
P66,1556877120000,1556877000000,1,1,1,0,15,0,0
P66,1556935997000,1556935980000,-2,-2,-1,1,15,-2,0
P66,1556938836000,1556938740000,-2,-2,-2,3,20,-1,0
P66,1556952581000,1556952540000,-2,-2,-2,3,20,0,0
P66,1556958206000,1556958180000,-2,-2,0,1,20,-3,-1
P66,1556963938000,1556963880000,0,-1,-1,1,15,-1,-1
P66,1557019130000,1557018900000,0,-1,-1,1,15,0,0
P66,1557023192000,1557022920000,-1,-1,-1,-1,15,0,0
P66,1557028642000,1557028620000,1,-2,-1,-1,20,0,0
P66,1557034240000,1557033960000,0,-1,-1,0,15,0,0
P66,1557036816000,1557036660000,-1,-1,0,0,15,0,0
P66,1557039479000,1557039360000,-1,-1,-1,0,10,0,0
P66,1557042061000,1557042000000,-1,-1,-1,1,15,0,0
P66,1557055036000,1557055020000,1,-1,-1,-1,15,0,0
P66,1557115117000,1557115080000,0,-1,-1,1,10,0,0
P66,1557117706000,1557117660000,-1,-1,0,1,15,0,0
P66,1557120313000,1557120120000,0,1,1,1,10,0,0
P66,1557123168000,1557123060000,-1,-1,0,0,10,0,0
P66,1557125727000,1557125580000,0,-1,-1,0,20,0,0
P66,1557131380000,1557131160000,-1,-1,0,0,15,0,0
P66,1557142236000,1557142140000,-1,-1,-1,-1,15,0,0
P66,1557147633000,1557147480000,0,-1,0,0,15,0,0
P67,1556596592000,1556596500000,-1,1,-1,-1,60,-1,0
P67,1556599063000,1556599020000,-1,-2,-2,-1,30,-1,-1
P67,1556601518000,1556601480000,-2,-2,-2,-2,60,-1,0
P67,1556604876000,1556604840000,0,-1,-3,1,30,-2,1
P67,1556607456000,1556607420000,1,0,1,-2,20,2,1
P67,1556609853000,1556609820000,2,1,1,-2,30,2,1
P67,1556612889000,1556612820000,1,0,1,-1,30,-2,0
P67,1556618144000,1556618100000,1,-1,1,-2,30,2,-1
P67,1556620629000,1556620560000,1,-2,1,-2,30,2,-1
P67,1556685828000,1556685660000,1,1,1,1,30,2,-1
P67,1556688449000,1556688240000,1,-1,1,-1,30,1,-1
P67,1556690714000,1556690640000,2,-2,1,-2,30,1,1
P67,1556695851000,1556695620000,-2,0,-2,2,30,2,-2
P67,1556768209000,1556768160000,1,-1,-1,1,60,1,-1
P67,1556777554000,1556777400000,2,-1,1,-1,60,-1,1
P67,1556780171000,1556779980000,2,-2,-1,-2,30,-2,0
P67,1556782841000,1556782800000,2,2,2,-2,30,2,1
P67,1556788467000,1556788200000,2,2,2,-2,60,-2,-1
P67,1556790887000,1556790720000,2,2,2,-3,60,1,2
P67,1556796552000,1556796420000,2,2,2,3,60,1,1
P67,1556801993000,1556801700000,2,2,2,-1,30,2,0
P67,1556850440000,1556850420000,-2,-2,-2,1,20,-1,-1
P67,1556852958000,1556852880000,1,3,1,-2,30,-1,2
P67,1556858617000,1556858460000,2,2,2,-1,60,2,0
P67,1556861441000,1556861160000,2,-2,0,-2,30,1,1
P67,1556864132000,1556863920000,2,2,2,1,30,3,-1
P67,1556866785000,1556866620000,2,2,2,2,30,2,-1
P67,1556869293000,1556869260000,2,2,2,3,30,3,-2
P67,1556874322000,1556874300000,2,2,2,-2,30,1,0
P67,1556877080000,1556877060000,-2,2,2,3,30,3,-2
P67,1556882943000,1556882760000,2,2,2,-2,60,3,2
P67,1556885579000,1556885520000,3,2,2,1,30,2,1
P67,1556888513000,1556888220000,2,2,2,-2,30,2,1
P67,1556944643000,1556944620000,1,-3,-2,-2,30,1,-1
P67,1556947709000,1556947440000,-2,-1,-1,1,30,1,-1
P67,1556950282000,1556950260000,1,-1,-1,-2,30,2,-1
P67,1556966604000,1556966580000,2,-2,0,-2,60,2,0
P67,1556971914000,1556971800000,2,1,2,-2,60,1,0
P67,1557028782000,1557028620000,1,-2,0,-3,60,1,-2
P67,1557031095000,1557031080000,2,-2,-1,-2,60,2,0
P67,1557033618000,1557033600000,1,-2,-1,-2,60,2,1
P67,1557041763000,1557041700000,1,1,0,-2,60,1,-1
P67,1557044372000,1557044220000,2,1,2,-2,30,0,0
P67,1557046653000,1557046620000,2,2,2,-3,60,2,2
P67,1557049763000,1557049740000,2,2,2,-3,60,3,2
P67,1557052327000,1557052140000,2,2,2,-3,60,3,2
P67,1557055883000,1557055740000,2,3,2,-3,60,2,1
P67,1557058405000,1557058380000,3,3,3,-3,60,3,1
P67,1557061290000,1557061020000,3,3,3,-3,60,3,1
P67,1557125611000,1557125580000,2,-2,-1,-1,60,2,-1
P67,1557128216000,1557128100000,-1,1,1,1,60,2,-2
P67,1557144287000,1557144240000,2,2,1,1,30,2,-1
P69,1556599213000,1556598960000,-1,-1,-2,2,30,-2,-2
P69,1556601925000,1556601720000,0,0,0,0,5,2,1
P69,1556604896000,1556604600000,0,-2,-2,1,30,0,0
P69,1556607308000,1556607060000,-1,-1,-3,1,20,0,0
P69,1556610298000,1556610060000,0,-2,-2,3,30,0,0
P69,1556615121000,1556615100000,2,2,2,-3,10,3,3
P69,1556618399000,1556618100000,1,-1,-1,-3,5,3,0
P69,1556620766000,1556620740000,-1,-2,-1,3,10,-2,-2
P69,1556623221000,1556623200000,-2,-2,-3,3,60,-3,-3
P69,1556625921000,1556625900000,-3,-3,-3,3,60,-3,-3
P69,1556674798000,1556674680000,0,0,0,2,10,2,0
P69,1556677221000,1556677200000,0,0,0,0,30,0,0
P69,1556683198000,1556683140000,2,2,2,1,30,-3,-3
P69,1556685620000,1556685600000,1,-2,2,-2,30,2,2
P69,1556688596000,1556688360000,-2,0,0,3,5,-3,-3
P69,1556691298000,1556691240000,0,0,-3,3,30,2,0
P69,1556693993000,1556693820000,-3,0,0,3,15,-1,0
P69,1556696388000,1556696220000,0,0,0,0,10,0,0
P69,1556698759000,1556698740000,0,-2,-2,2,60,-1,0
P69,1556709864000,1556709840000,-1,-3,-2,0,30,0,0
P69,1556712498000,1556712480000,0,-3,-3,2,60,0,0
P69,1556714891000,1556714880000,0,0,0,0,15,0,0
P69,1556760733000,1556760720000,0,-1,0,-2,5,3,0
P69,1556764210000,1556764020000,0,-2,0,-1,30,0,0
P69,1556766897000,1556766600000,0,0,0,3,10,0,0
P69,1556769205000,1556769180000,0,0,0,0,5,0,0
P69,1556772293000,1556772060000,0,-2,-2,0,60,-3,-2
P69,1556775171000,1556774940000,0,1,1,0,10,-1,0
P69,1556777433000,1556777400000,0,0,0,0,5,0,0
P69,1556780097000,1556780040000,0,1,1,-2,30,0,0
P69,1556846714000,1556846700000,0,0,0,-3,20,-2,0
P69,1556849391000,1556849220000,0,0,0,0,5,0,0
P69,1556852733000,1556852640000,3,3,3,-3,10,-3,0
P69,1556855513000,1556855280000,3,3,3,-3,60,-1,-1
P69,1556858429000,1556858220000,3,3,3,-3,60,-2,0
P69,1556866108000,1556866080000,3,1,2,1,10,0,0
P69,1556868977000,1556868780000,3,3,3,-3,60,0,0
P69,1556871923000,1556871660000,3,3,3,-3,60,0,0
P69,1556874927000,1556874780000,3,3,3,-3,60,0,0
P69,1556883138000,1556882940000,1,0,1,1,5,0,0
P69,1556936353000,1556936160000,-1,0,0,2,10,0,0
P69,1556942244000,1556941980000,1,1,1,-3,30,2,0
P69,1556944905000,1556944800000,1,0,-1,-1,20,1,0
P69,1556947332000,1556947320000,2,1,1,-2,60,0,0
P69,1556955701000,1556955420000,0,0,-1,-2,60,0,0
P69,1556974604000,1556974500000,1,1,1,-3,20,1,0
P69,1557031393000,1557031380000,1,1,1,-2,5,0,0
P69,1557034129000,1557034080000,1,1,2,-2,30,1,0
P69,1557036610000,1557036600000,2,1,1,-1,5,0,0
P69,1557039406000,1557039300000,1,1,-2,-1,30,0,0
P69,1557042405000,1557042180000,2,2,0,1,20,2,0
P69,1557045106000,1557044880000,0,0,1,2,20,2,-1
P69,1557047545000,1557047400000,1,-1,-1,-1,20,2,0
P69,1557050316000,1557050220000,1,1,0,2,15,2,-2
P69,1557109100000,1557109080000,1,1,1,-1,20,3,1
P69,1557111725000,1557111660000,1,0,0,-3,30,2,2
P69,1557117466000,1557117360000,2,2,2,-2,30,2,0
P69,1557125714000,1557125700000,2,2,2,-2,60,1,0
P69,1557136323000,1557136260000,2,2,0,0,60,1,0
P69,1557144881000,1557144660000,2,-2,0,2,20,-2,-2
P69,1557147417000,1557147300000,-1,-1,0,2,60,-2,-2
P70,1556593921000,1556593740000,0,0,-1,1,5,3,1
P70,1556596734000,1556596680000,0,0,2,0,10,1,0
P70,1556599324000,1556599260000,1,1,3,1,15,3,0
P70,1556607466000,1556607180000,0,0,1,1,5,0,-1
P70,1556609841000,1556609820000,0,0,2,1,5,3,0
P70,1556613024000,1556612820000,0,0,0,1,5,0,0
P70,1556675905000,1556675880000,2,0,2,-2,5,2,0
P70,1556685619000,1556685600000,0,0,0,-2,5,1,0
P70,1556691165000,1556691120000,0,0,3,1,5,3,0
P70,1556699097000,1556699040000,0,-2,0,-2,5,2,0
P70,1556702065000,1556702040000,0,0,2,1,5,3,0
P70,1556782703000,1556782680000,0,0,2,1,10,2,0
P70,1556790822000,1556790780000,0,1,1,2,10,1,0
P70,1556850101000,1556850060000,0,1,1,2,10,1,0
P70,1556855317000,1556855280000,0,0,0,1,5,1,0
P70,1556858542000,1556858520000,0,0,1,0,5,0,0
P70,1556938464000,1556938440000,0,1,1,1,10,2,0
P70,1557036868000,1557036840000,1,1,1,-1,10,1,0
P70,1557039443000,1557039300000,0,0,1,-2,10,1,0
P70,1557041841000,1557041820000,0,1,1,-1,10,1,0
P70,1557044326000,1557044220000,0,0,1,2,5,1,0
P70,1557046943000,1557046860000,0,1,2,-2,10,2,0
P70,1557112328000,1557112080000,0,2,2,1,10,3,0
P70,1557125662000,1557125640000,0,1,3,0,10,3,0
P70,1557128770000,1557128640000,0,0,2,2,10,3,0
P70,1557131175000,1557131160000,0,1,3,1,10,3,0
P70,1557133701000,1557133680000,0,2,3,2,10,2,0
P70,1557136106000,1557136080000,0,0,0,1,10,-1,0
P72,1556586208000,1556586120000,1,2,0,1,20,1,0
P72,1556590109000,1556590080000,2,1,1,-1,5,0,1
P72,1556593950000,1556593920000,1,-2,1,-1,10,-3,0
P72,1556604860000,1556604720000,0,-2,0,-1,30,1,1
P72,1556675060000,1556675040000,-1,-3,-3,1,15,-1,1
P72,1556677483000,1556677440000,1,1,3,-1,5,0,0
P72,1556688459000,1556688420000,0,1,0,1,5,0,0
P72,1556691257000,1556691240000,0,-3,2,-1,20,3,1
P72,1556696581000,1556696400000,-2,-2,-1,3,10,-1,1
P72,1556701915000,1556701620000,1,2,3,-3,30,0,0
P72,1556704398000,1556704140000,1,1,1,-1,10,-1,0
P72,1556758938000,1556758920000,0,-1,-1,-1,15,0,1
P72,1556768885000,1556768820000,1,2,2,-2,5,2,0
P72,1556771736000,1556771640000,-1,-3,-2,1,30,2,-1
P72,1556774884000,1556774640000,0,1,1,-1,15,-1,1
P72,1556777283000,1556777040000,0,-2,-1,1,30,1,-2
P72,1556780449000,1556780220000,1,2,2,-1,10,0,-1
P72,1556788677000,1556788440000,-1,-3,-1,2,10,1,-1
P72,1556791158000,1556791140000,1,-1,0,-1,20,3,-1
P72,1556796078000,1556796060000,2,2,2,-2,15,3,-3
P72,1556799202000,1556799180000,-2,-2,-1,3,15,-3,3
P72,1556852598000,1556852580000,1,1,1,-2,10,-2,1
P72,1556855576000,1556855400000,1,2,1,-2,15,3,-1
P72,1556866455000,1556866440000,1,-1,-1,-1,60,1,0
P72,1556868854000,1556868840000,3,2,3,-3,20,3,-3
P72,1556871255000,1556871240000,2,2,2,-3,20,2,-1
P72,1556873783000,1556873760000,1,2,1,-2,20,1,1
P72,1556932798000,1556932560000,1,-1,-3,-2,30,1,0
P72,1556935378000,1556935320000,0,0,0,0,20,0,0
P72,1556938988000,1556938860000,0,1,-1,0,15,2,-1
P72,1556941397000,1556941320000,1,2,1,-2,20,-1,0
P72,1556944676000,1556944620000,1,1,1,-1,20,2,-1
P72,1556947390000,1556947320000,1,1,-1,-1,60,2,1
P72,1556953078000,1556952780000,2,2,1,-1,30,2,1
P72,1556955777000,1556955720000,1,1,2,-2,30,3,-1
P72,1556963669000,1556963640000,2,1,2,-3,30,3,-1
P72,1556966305000,1556966280000,1,-1,-2,-2,30,2,1
P72,1556969354000,1556969340000,3,3,3,-3,20,2,1
P72,1556971976000,1556971860000,0,-1,-3,-2,30,1,0
P72,1557025399000,1557025380000,0,-1,-2,1,30,1,2
P72,1557028516000,1557028500000,0,-1,-1,-2,30,1,1
P72,1557031277000,1557031260000,2,3,3,-2,20,2,-1
P72,1557034378000,1557034140000,3,1,1,-3,20,3,2
P72,1557039625000,1557039420000,2,0,-1,-1,30,1,1
P72,1557047021000,1557046920000,2,-2,1,1,20,1,1
P72,1557053017000,1557052740000,2,1,1,-3,60,-1,2
P72,1557112183000,1557112140000,2,0,2,2,60,2,-1
P72,1557117807000,1557117720000,2,0,1,-3,60,2,3
P72,1557131320000,1557131220000,1,-2,2,2,20,3,1
P75,1556587619000,1556587560000,2,-1,1,-1,30,1,-1
P75,1556590315000,1556590140000,1,-2,0,0,30,-3,-2
P75,1556593311000,1556593260000,2,-2,2,1,10,2,-2
P75,1556596375000,1556596260000,1,-1,2,-3,20,-3,3
P75,1556599005000,1556598840000,1,1,1,-1,10,-3,0
P75,1556601760000,1556601720000,1,-2,-2,-1,30,1,1
P75,1556604709000,1556604600000,2,-3,-2,-2,30,-3,0
P75,1556607213000,1556607180000,2,0,0,-2,60,0,0
P75,1556614982000,1556614860000,0,0,0,0,60,0,0
P75,1556626542000,1556626380000,2,-2,2,-2,15,-2,0
P75,1556629047000,1556629020000,2,1,3,-1,60,0,0
P75,1556672762000,1556672700000,2,0,1,-2,10,2,0
P75,1556677853000,1556677620000,3,-2,-1,-3,10,1,0
P75,1556680612000,1556680380000,3,1,0,-1,30,0,0
P75,1556682804000,1556682780000,0,-1,1,-1,60,1,0
P75,1556685900000,1556685780000,2,2,1,2,5,-1,2
P75,1556696709000,1556696640000,1,-1,1,1,20,-1,0
P75,1556702109000,1556701860000,3,1,2,-2,30,-3,0
P75,1556704583000,1556704560000,2,1,0,-2,20,0,0
P75,1556707508000,1556707260000,1,1,2,-1,10,0,0
P75,1556763301000,1556763180000,1,-1,1,-1,60,0,0
P75,1556766340000,1556766120000,1,-1,0,-2,30,-1,0
P75,1556768711000,1556768580000,1,-1,2,-1,60,0,0
P75,1556771999000,1556771760000,1,-1,1,-1,15,0,0
P75,1556777711000,1556777640000,2,-2,2,-1,60,-2,1
P75,1556780401000,1556780220000,1,-1,2,-1,60,2,0
P75,1556783112000,1556782860000,2,-2,2,0,30,1,1
P75,1556785463000,1556785320000,1,-1,2,-1,30,1,-1
P75,1556788202000,1556787900000,1,-1,1,-1,60,0,0
P75,1556790592000,1556790420000,1,-1,1,-2,30,0,2
P75,1556861219000,1556861040000,1,1,2,-1,20,2,0
P75,1556864059000,1556864040000,-1,-1,-1,1,60,-1,-1
P75,1556866540000,1556866500000,0,-2,-2,1,20,-1,-2
P75,1556872200000,1556872140000,-2,-2,1,2,30,0,-1
P75,1556877633000,1556877480000,1,1,1,-1,60,0,0
P75,1556880001000,1556879940000,2,1,1,-1,15,0,0
P75,1556882421000,1556882400000,2,1,1,-2,20,1,0
P75,1556885009000,1556884980000,1,-1,-2,-3,30,1,-1
P75,1556887795000,1556887620000,2,-2,1,-1,60,-1,2
P75,1556935193000,1556934960000,1,-1,-1,-1,20,-3,0
P75,1556938898000,1556938740000,-1,-1,-1,1,10,-1,-1
P75,1556950284000,1556950260000,1,1,2,-2,60,-2,1
P75,1556963744000,1556963460000,1,-1,2,-2,30,0,0
P75,1557020479000,1557020460000,2,1,1,-1,20,-1,1
P75,1557026066000,1557026040000,1,-1,-1,-2,20,-1,1
P75,1557028845000,1557028740000,-1,-1,-1,-1,20,1,0
P75,1557031276000,1557031260000,1,-1,-1,-2,30,-2,0
P75,1557034203000,1557033960000,1,-1,-1,-1,30,-3,0
P75,1557036608000,1557036420000,0,-1,0,-2,20,-1,0
P75,1557038994000,1557038880000,1,-1,-1,1,20,-2,0
P75,1557041606000,1557041580000,1,-1,1,1,20,-2,0
P75,1557044399000,1557044160000,2,1,1,-1,15,-2,1
P75,1557050396000,1557050100000,1,1,0,1,30,-1,0
P75,1557114688000,1557114660000,1,-1,1,-1,10,-2,0
P75,1557125597000,1557125580000,1,-1,-1,-2,30,-2,1
P75,1557128301000,1557128280000,1,-1,-1,-2,15,-2,0
P75,1557136815000,1557136620000,1,-1,1,0,15,1,1
P76,1556588373000,1556588340000,1,0,0,0,20,3,2
P76,1556591123000,1556590980000,1,1,3,1,5,1,0
P76,1556593824000,1556593560000,1,-1,-2,0,30,3,0
P76,1556626206000,1556626140000,0,0,-2,-1,20,3,-2
P76,1556628640000,1556628540000,1,0,0,0,5,-2,1
P76,1556682750000,1556682720000,2,-3,-1,-1,30,3,-1
P76,1556690670000,1556690640000,0,1,-1,2,20,3,0
P76,1556696422000,1556696400000,-3,0,0,3,5,2,-3
P76,1556699257000,1556699040000,1,1,0,-1,5,1,0
P76,1556702077000,1556702040000,1,-1,0,-1,5,0,0
P76,1556764050000,1556763960000,-2,2,0,3,5,3,-3
P76,1556766745000,1556766480000,2,-2,0,-2,20,0,0
P76,1556769140000,1556769120000,2,2,0,0,10,1,0
P76,1556771606000,1556771580000,1,0,0,-1,10,2,0
P76,1556774850000,1556774760000,1,-1,0,-2,15,0,1
P76,1556777331000,1556777220000,-2,1,1,2,10,1,-2
P76,1556782694000,1556782500000,3,0,1,-1,10,2,2
P76,1556853018000,1556853000000,2,0,0,3,20,2,0
P76,1556855545000,1556855520000,1,0,2,0,20,0,0
P76,1556858576000,1556858280000,2,3,2,1,30,2,1
P76,1556861384000,1556861220000,1,3,0,-1,60,3,0
P76,1556864237000,1556863980000,1,0,0,0,30,3,1
P76,1556868981000,1556868960000,2,0,0,0,20,-1,2
P76,1556871738000,1556871720000,1,0,2,1,60,0,0
P76,1556874462000,1556874420000,1,0,0,3,20,3,-2
P76,1556877460000,1556877300000,-3,0,-3,3,20,1,-2
P76,1556950083000,1556950020000,-2,0,1,0,30,1,0
P76,1556952770000,1556952660000,1,0,0,3,20,0,0
P76,1556955309000,1556955180000,1,0,0,0,60,0,-2
P76,1556958069000,1556958060000,2,0,0,2,15,0,0
P76,1556960546000,1556960460000,1,0,1,0,15,2,1
P76,1556963841000,1556963640000,3,0,0,0,20,3,0
P76,1556966238000,1556966100000,2,-3,1,-1,20,1,0
P76,1556968872000,1556968860000,-3,3,1,1,5,2,0
P76,1557025757000,1557025740000,2,1,0,-1,20,0,0
P76,1557031261000,1557031140000,1,0,0,2,20,1,0
P76,1557033854000,1557033840000,3,2,1,-3,30,2,1
P76,1557036445000,1557036360000,2,0,1,0,15,0,0
P76,1557039740000,1557039480000,2,-1,0,-2,15,1,0
P76,1557041895000,1557041880000,2,-3,-2,-2,20,0,0
P76,1557052632000,1557052620000,0,-3,1,-1,15,0,0
P76,1557120194000,1557120180000,-2,-2,0,-1,10,0,0
P76,1557122593000,1557122580000,-1,1,-2,3,30,2,0
P76,1557125868000,1557125820000,2,3,0,0,5,1,0
P76,1557128417000,1557128400000,2,-2,0,2,15,1,0
P76,1557130933000,1557130920000,-2,-2,-2,2,60,1,0
P76,1557133994000,1557133980000,-2,-1,-3,3,20,-3,-2
P76,1557139362000,1557139320000,-3,-1,2,3,20,0,0
P76,1557144730000,1557144720000,-3,0,-3,2,30,-2,0
P76,1557147455000,1557147300000,-3,3,-3,3,30,1,-3
P77,1556602212000,1556602140000,-1,-2,0,1,5,-2,1
P77,1556615549000,1556615520000,-1,0,-1,2,10,-2,-1
P77,1556618383000,1556618220000,2,1,1,-2,10,-3,0
P77,1556620777000,1556620620000,0,-2,-2,1,15,-2,0
P77,1556698942000,1556698920000,1,2,1,-1,60,-2,0
P77,1556703872000,1556703840000,3,2,3,-2,30,-2,-1
P77,1556707106000,1556706900000,2,1,1,-2,30,-3,1
P77,1556712326000,1556712300000,1,-2,-1,0,30,-2,0
P77,1556769659000,1556769360000,-1,-1,0,2,10,-3,-1
P77,1556772140000,1556772120000,2,3,3,0,20,-3,0
P77,1556774750000,1556774700000,-2,-1,0,3,10,-2,0
P77,1556777203000,1556777100000,2,3,3,1,30,-3,0
P77,1556782822000,1556782740000,2,-2,-1,1,20,-2,1
P77,1556788089000,1556787960000,2,-1,-1,2,10,-1,0
P77,1556795837000,1556795820000,3,-2,-1,-2,10,-3,1
P77,1556798840000,1556798760000,2,-2,0,1,5,-3,1
P77,1556850343000,1556850300000,2,1,2,-3,10,-3,-1
P77,1556853282000,1556853060000,2,1,0,0,30,-2,1
P77,1556866038000,1556866020000,2,-1,2,-3,5,-3,-1
P77,1556869476000,1556869440000,2,2,-1,-1,30,-3,1
P77,1556872354000,1556872080000,3,2,2,-3,30,-2,-1
P77,1556880237000,1556880120000,3,2,3,-3,15,-3,0
P77,1556882536000,1556882520000,3,2,3,-3,20,-3,-2
P77,1556885803000,1556885520000,3,2,-1,-3,30,-3,0
P77,1556966011000,1556965980000,3,2,2,-3,10,-2,0
P77,1556969190000,1556969160000,1,-2,1,-3,5,-3,-1
P78,1556594064000,1556594040000,1,1,1,0,10,0,0
P78,1556604590000,1556604540000,-1,-2,-1,1,15,1,-1
P78,1556607803000,1556607480000,-1,0,0,2,5,0,0
P78,1556610232000,1556610000000,1,0,1,0,10,0,0
P78,1556615475000,1556615460000,0,-1,-1,0,30,0,0
P78,1556688498000,1556688480000,1,1,1,-1,10,1,-1
P78,1556690999000,1556690940000,-1,-1,0,1,15,0,-1
P78,1556709615000,1556709600000,1,1,0,1,15,1,-1
P78,1556772335000,1556772240000,-1,-1,-1,1,30,0,0
P78,1556777744000,1556777460000,-1,0,-1,1,20,0,0
P78,1556780357000,1556780340000,0,0,0,0,10,0,0
P78,1556796203000,1556796180000,0,0,0,0,20,0,0
P78,1556799382000,1556799240000,1,1,1,0,10,1,0
P78,1556861287000,1556861220000,-1,-2,-1,1,10,0,0
P78,1556871752000,1556871600000,0,-2,-1,0,20,0,0
P78,1556874583000,1556874540000,0,-2,-1,1,20,0,0
P78,1556877567000,1556877540000,0,0,0,0,10,0,0
P78,1556880058000,1556879940000,1,1,1,-1,15,1,0
P78,1557125422000,1557125400000,1,1,0,-1,15,0,0
P78,1557142046000,1557141900000,1,1,0,0,20,0,0
P78,1557144496000,1557144480000,1,-1,-2,1,20,1,1
P78,1557147432000,1557147420000,1,1,0,1,20,1,0
P79,1556707690000,1556707440000,1,1,2,0,60,0,0
P79,1556712731000,1556712480000,1,2,2,-2,60,0,0
P79,1556715011000,1556714940000,2,2,2,-2,60,1,2
P79,1556774696000,1556774580000,3,2,3,-1,60,1,1
P79,1556788494000,1556788260000,2,2,2,0,30,0,0
P79,1556793382000,1556793360000,1,0,2,0,30,0,0
P79,1556801213000,1556801160000,0,0,2,0,30,0,0
P79,1556869220000,1556869200000,0,0,2,1,30,0,0
P79,1556941870000,1556941740000,2,2,1,-1,#N/A,0,0
P79,1556971608000,1556971500000,0,0,1,1,30,0,0
P79,1557036475000,1557036360000,1,0,1,-1,60,0,0
P79,1557050046000,1557049980000,1,-1,0,-1,30,0,0
P79,1557131031000,1557130980000,1,1,1,-1,30,0,0
P79,1557136719000,1557136680000,2,2,1,-1,30,0,0
P79,1557142042000,1557142020000,2,1,0,-2,30,0,0
P79,1557144707000,1557144480000,1,0,-1,-1,15,0,0
P80,1556674208000,1556674080000,3,2,2,-2,5,2,0
P80,1556677591000,1556677560000,-1,-2,-2,1,5,2,-1
P80,1556683257000,1556683140000,-1,-3,-3,1,10,1,0
P80,1556688682000,1556688540000,2,-2,1,-1,20,1,0
P80,1556759852000,1556759820000,-1,-2,2,2,30,3,0
P80,1556763263000,1556763240000,1,3,3,-2,10,2,0
P80,1556769441000,1556769420000,2,1,3,-1,5,2,0
P80,1556774690000,1556774640000,-2,2,3,-2,10,3,0
P80,1556788380000,1556788140000,3,2,3,-1,15,3,-1
P80,1556793386000,1556793180000,-3,-2,3,-1,60,3,0
P80,1556798606000,1556798520000,-3,-3,3,3,60,3,-2
P80,1556801246000,1556801220000,-3,-3,3,3,60,3,-3
P80,1556866551000,1556866500000,1,-3,1,1,30,3,0
P80,1556872299000,1556872140000,2,-2,-3,-1,15,1,1
P80,1556885450000,1556885400000,-3,-3,3,3,60,3,-3
P80,1556950250000,1556950200000,1,1,3,1,15,3,-1
P80,1556955810000,1556955780000,2,2,3,-2,15,2,1
P80,1556963966000,1556963940000,3,3,3,-3,15,3,2
P80,1556969454000,1556969340000,2,3,3,-1,60,3,1
P80,1556974548000,1556974500000,3,3,3,-2,60,3,1
P80,1557031108000,1557031080000,1,2,1,-2,5,3,0
P80,1557033637000,1557033600000,-2,-2,-1,2,30,3,-1
P80,1557047469000,1557047280000,2,1,1,-2,15,3,1
P80,1557050442000,1557050220000,3,3,3,-2,15,3,-1
P80,1557052824000,1557052740000,3,3,3,-1,30,3,-1
P80,1557139401000,1557139140000,0,1,-1,-1,10,2,0
P80,1557144701000,1557144480000,-1,-2,3,1,30,3,-1
